label,dual_count,dual_word	
ai,6,丕賱毓賷賳	
ai,5,賱賱賲噩丕賴丿賷賳	
ai,5,亘賷賳	
ai,5,賰丕賳	
ai,3,爻賰丕賳	
ai,6,賱賱廿爻乇丕卅賷賱賷賷賳	
ai,6,丕賱賲爻賱賲賷賳	
ai,6,丕賱亘丕丨孬賷賳	
ai,6,丕賱賰孬賷乇賷賳	
ai,6,兀匕賴丕賳	
ai,2,丌禺乇賷賳	
ai,5,賵丕賱賵胤丕爻賷賷賳	
ai,5,賵丕賱賲乇賷賳賷賷賳	
ai,5,賵丕賱賲賵丨丿賷賳	
ai,5,丕賱賲乇丕亘胤賷賳	
ai,3,丕賱丿賷賳	
ai,3,賵丕賱鬲丕亘毓賷賳	
ai,1,丕賱毓賳賵丕賳	
ai,2,丕賱賲爻鬲孬賲乇賷賳	
ai,3,鬲丨爻賷賳	
ai,2,丕賱噩夭丕卅乇賷賷賳	
ai,2,丕賱賲丐乇禺賷賳	
ai,2,賱賱噩夭丕卅乇賷賷賳	
ai,3,賱賱賲爻鬲孬賲乇賷賳	
ai,3,賵鬲丨爻賷賳	
ai,5,丕爻鬲亘賷丕賳	
ai,7,丕賱兀賮睾丕賷賳	
ai,7,丕賱爻賱胤丕賳	
ai,8,丕賱兀丿賷丕賳	
ai,2,丕賱賮丕胤賲賷賷賳	
ai,1,丕賱賲丨賯賯賷賳	
ai,1,賷亘賷賳	
ai,2,賱賱賲丨賯賯賷賳	
ai,2,丕賱孬賲賷賳	
ai,3,丕賱賲賷丕丿賷賳	
ai,4,賱鬲丨爻賷賳	
ai,5,丕賱匕賷賳	
ai,9,賵亘賱丿丕賳	
ai,9,賲賷丿丕賳	
ai,9,賲賯鬲氐乇賷賳	
ai,9,賵丕賱賲爻賱賲賷賳	
ai,2,丕賱爻賱丕胤賷賳	
ai,2,丕賱氐賱賷亘賷賷賳	
ai,7,丕賱丌禺乇賷賳	
ai,7,噩丕賳亘賷賳	
ai,7,毓賷賳	
ai,4,賱囟賲丕賳	
ai,1,丕賱毓亘丕爻賷賷賳	
ai,11,丕賱賰賷丕賳	
ai,11,鬲賵胤賷賳	
ai,11,丕賱爻賳賷賳	
ai,11,丕賱賮賱爻胤賷賳賷賷賳	
ai,11,丕賱賱丕噩卅賷賳	
ai,11,丕賱兀乇亘毓賷賳	
ai,11,丕賱亘賱丿丕賳	
ai,11,賱賮賱爻胤賷賳	
ai,4,賵毓賷賳	
ai,4,亘毓賳賵丕賳	
ai,3,賵鬲毓賷賷賳	
ai,10,賱鬲賵胤賷賳	
ai,10,兀乇亘毓賷賳	
ai,10,丕賱鬲賵胤賷賳	
ai,10,賮賱爻胤賷賳	
ai,9,亘鬲賵胤賷賳	
ai,1,賲毓賷賳	
ai,18,兀賵胤丕賳	
ai,18,賵丕賱廿爻乇丕卅賷賱賷賷賳	
ai,18,賱賱賮賱爻胤賷賳賷賷賳	
ai,2,丕賱爻賰丕賳	
ai,2,丕賱賲囟丕賲賷賳	
ai,4,賲囟丕賲賷賳	
ai,4,賲毓亘乇賷賳	
ai,7,丕賱噩丕賳亘賷賳	
ai,7,丕賱胤乇賮賷賳	
ai,1,丕賱爻賱胤鬲賷賳	
ai,3,賵丕賱賮乇賳爻賷賷賳	
ai,3,丕賱毓孬賲丕賳賷賷賳	
ai,3,丕賱亘賱丿賷賳	
ai,2,丕賱鬲賲賵賷賳	
ai,3,賵丕賱鬲賲賵賷賳	
ai,9,丕賱毓丕賱賯賷賳	
ai,3,賵丕賱賮丕胤賲賷賷賳	
ai,5,丕賱賴噩乇賷賷賳	
ai,5,丕賱賯乇賳賷賳	
ai,5,丕賱囟賮鬲賷賳	
ai,5,賵賴乇丕賳	
ai,5,丕賱夭賷丕賳賷賳	
ai,5,丕賱賲賷賱丕丿賷賷賳	
ai,9,丕賱夭賷丕賳賷賷賳	
ai,6,丕賱夭丕賷賷賳	
ai,6,氐賵賮賷賷賳	
ai,5,賲丐孬乇賷賳	
ai,5,鬲賰賵賷賳	
ai,2,賵丕賱匕賷賳	
ai,1,賰賲爻賱賲賷賳	
ai,3,賱賱賯賵丕賳賷賳	
ai,3,賱賱廿賳爻丕賳	
ai,3,亘賷丕賳	
ai,1,鬲毓賷賷賳	
ai,4,賲賷賱丕丿賷賷賳	
ai,2,丕賱賱鬲賷賳	
ai,4,丕賱廿氐賱丕丨賷賷賳	
ai,3,丕賱賲毓賱賲賷賳	
ai,3,丕賱賲毓賵賯賷賳	
ai,1,丕賱賳賵賲賷丿賷賷賳	
ai,3,賵囟賲丕賳	
ai,3,賵丕賱毓卮乇賷賳	
ai,9,丕賱賲亘丿毓賷賳	
ai,9,賱丕丨鬲囟丕賳	
ai,9,賲亘丿毓賷賳	
ai,4,丕賱賵丿賷丕賳	
ai,4,囟賲丕賳	
ai,2,賱賱賲亘丿毓賷賳	
ai,5,賵鬲賰賵賷賳	
ai,5,賵賰丕賳	
ai,2,丕賱亘賷丕賳	
ai,2,亘丕賱賯賵丕賳賷賳	
ai,3,丕賱丕噩鬲賲丕毓賷賷賳	
ai,1,亘賱丿丕賳	
ai,3,丕賱賯賵丕賳賷賳	
ai,2,丕賱賮賯賷賴賷賳	
ai,3,賰賲丐乇禺賷賳	
ai,3,丕賱毓丕賱賲賷賳	
ai,2,丕賱廿賳爻丕賳	
ai,3,賵毓賲丕賳	
ai,3,丕賱賲毓乇賵賮賷賳	
ai,5,賵丕賱鬲丨爻賷賳	
ai,5,賱賱毓丕賲賱賷賳	
ai,5,毓賲丕賳	
ai,5,亘丕乇夭賷賳	
ai,5,賰賲賰丕賳賷賳	
ai,12,賲購賵夭毓賷賳	
ai,4,丕賱丕爻鬲亘賷丕賳	
ai,4,丕賱亘乇丕賰賷賳	
ai,2,丕賱賲賴鬲賲賷賳	
ai,2,賱賱亘丕丨孬賷賳	
ai,1,丕賱亘丕乇夭賷賳	
ai,2,丕賱爻賵丿丕賳	
ai,4,賵丕賱賲賵馗賮賷賳	
ai,4,丕賱賲丿賷乇賷賳	
ai,2,賵亘賷丕賳	
ai,4,賵丕賱氐賵賮賷賷賳	
ai,2,丕賱鬲丿賵賷賳	
ai,3,丕賱賲爻丕賮乇賷賳	
ai,3,賱賱賲爻丕賮乇賷賳	
ai,2,賱賱鬲丿賵賷賳	
ai,3,丕賱賲丨賱賷賷賳	
ai,3,賱鬲丿賵賷賳	
ai,5,丕賱亘毓丿賷賳	
ai,3,丕賱賯丕卅賲賷賳	
ai,4,丕賱賲賷丿丕賳	
ai,8,賵毓卮乇賷賳	
ai,8,賵丕賱爻賵丿丕賳	
ai,8,賵亘賷賳	
ai,7,丕賱廿賯賱賷賲賷賳	
ai,7,賴匕賷賳	
ai,2,賵丕賱毓爻賰乇賷賷賳	
ai,2,丕賱爻賷丕爻賷賷賳	
ai,4,丕賱賲賵丨丿賷賳	
ai,5,賱鬲賰賵賷賳	
ai,3,丕賱賳爻賷丕賳	
ai,3,賵丕賱賲丐乇禺賷賳	
ai,2,丕賱兀賲賷賳	
ai,6,亘丕賱賱爻丕賳	
ai,6,丕賱賵胤賳賷賷賳	
ai,6,賵丕賱鬲賲丿賷賳	
ai,2,賵鬲丿賵賷賳	
ai,2,廿亘丕賳	
ai,1,賵丕賱丿賷賳	
ai,6,賳爻賷丕賳	
ai,4,丕賱賮卅鬲賷賳	
ai,4,丕賱兀賵乇賵亘賷賷賳	
ai,7,丕賱兀賵乇亘賾賷賷賳	
ai,4,賵丕爻鬲亘賷丕賳	
ai,4,丕賱賲鬲賲丿乇爻賷賳	
ai,4,丕賱賲乇丕賴賯賷賳	
ai,8,賲賱丕賷賷賳	
ai,8,賱丕噩卅賷賳	
ai,8,賵賮賯丿丕賳	
ai,4,丕賱賲賵馗賮賷賳	
ai,6,賮賯丿丕賳	
ai,3,丕賱鬲賳賮賷匕賷賷賳	
ai,3,丕賱賲爻丐賵賱賷賳	
ai,3,賱賱賲氐乇賷賷賳	
ai,3,丕賱胤賵丕丨賷賳	
ai,2,丕賱賲氐乇賷賷賳	
ai,3,賲爻賱賲賷賳	
ai,6,賱賱亘賱丿丕賳	
ai,6,丕賱亘乇賱賲丕賳	
ai,6,丕賱毓丿賵丕賳	
ai,6,賵丕賱賲賮賰乇賷賳	
ai,6,丕賱乇丨賲丕賳	
ai,8,丕賱賮乇賳爻賷賷賳	
ai,8,賱賱賮乇賳爻賷賷賳	
ai,5,丕賱賲賮賰乇賷賳	
ai,3,賱賱賲賴鬲賲賷賳	
ai,2,賲賷夭丕賳	
ai,4,賵丕賱夭賷丕賳賷賷賳	
ai,4,丕賱賲乇賷賳賷賷賳	
ai,4,爻賱丕胤賷賳	
ai,3,丕賱丨賮氐賷賷賳	
ai,3,賱賱丨賮氐賷賷賳	
ai,3,賱賱丿賷賳	
ai,2,丕賱氐毓賷丿賷賳	
ai,10,丕賱鬲兀賲賷賳	
ai,10,賱賱賲爻鬲賮賷丿賷賳	
ai,7,賱賱鬲兀賲賷賳	
ai,7,賱賱賲卮丕乇賰賷賳	
ai,6,賵丕賱丨賮氐賷賷賳	
ai,5,鬲賱賲爻丕賳	
ai,8,丕賱賲爻鬲賴賱賰賷賳	
ai,5,丕賱賲毓賱賳賷賳	
ai,5,賱賱賲爻鬲禺丿賲賷賳	
ai,4,爻賱賷賲丕賳	
ai,6,賵丕賱賲爻賵賯賷賳	
ai,6,賱賱賲爻鬲賴賱賰賷賳	
ai,6,丕賱廿毓賱丕賳	
ai,5,丕賱賲爻鬲禺丿賲賷賳	
ai,19,丕賱廿賷胤丕賱賷賷賳	
ai,5,丕賱賲丨鬲賱賷賳	
ai,5,丕賱廿爻亘丕賳	
ai,5,丕賱兀賳丿賱爻賷賷賳	
ai,5,賱賱賲賵乇賷爻賰賷賷賳	
ai,7,爻賳丕賳	
ai,4,丕賱毓卮乇賷賳	
ai,3,賵丕賱兀賲丕賳	
ai,3,丕賱賲鬲毓丕賲賱賷賳	
ai,4,賵丿賷賳	
ai,4,賱賱賲爻賱賲賷賳	
ai,8,丕賱亘丨乇賷賷賳	
ai,8,丕賱賯賷丕丿賷賷賳	
ai,1,賱賱鬲丨爻賷賳	
ai,5,賱賱爻賰丕賳	
ai,3,鬲亘丕賷賳	
ai,6,亘丕賰爻鬲丕賳	
ai,6,賵丕賱亘賵賷賴賷賷賳	
ai,6,丕賱爻丕賲丕賳賷賷賳	
ai,5,賲鬲賳丕賮爻賷賳	
ai,9,賵丕賱亘賵賴賷賷賳	
ai,9,丕賱睾夭賳賵賷賷賳	
ai,3,丕賱賲賵丕胤賳賷賳	
ai,3,丕賱兀丨賷丕賳	
ai,1,丕賱丕爻鬲賯賱丕賱賷賷賳	
ai,1,兀乇賰丕賳	
ai,11,亘鬲丨爻賷賳	
ai,11,丕賱毓丕賲賱賷賳	
ai,5,丿丕毓賷賳	
ai,3,亘鬲賰賵賷賳	
ai,2,丕賱孬賱孬賷賳	
ai,6,賱賱賲賵馗賮賷賳	
ai,4,鬲亘賷賳	
ai,4,丕賱賲毓賳賷賷賳	
ai,6,賲賵囟丨賷賳	
ai,6,丕賱丨乇賲賷賳	
ai,3,丕賱毓賲乇丕賳	
ai,2,賱賯賵丕賳賷賳	
ai,9,賱賱賲賵丕胤賳賷賳	
ai,9,賱賱毓賲乇丕賳	
ai,3,賵丕賱賲賷丕丿賷賳	
ai,3,賱賵賴乇丕賳	
ai,7,賵丕賱毓孬賲丕賳賷賷賳	
ai,1,賱鬲兀賲賷賳	
ai,3,賱亘賱丿丕賳	
ai,4,丕賱賲睾丕乇亘賷賷賳	
ai,3,賲賴賲鬲賷賳	
ai,3,賲爻兀賱鬲賷賳	
ai,2,乇卅賷爻賷鬲賷賳	
ai,2,丕賱賲爻鬲毓賲乇賷賳	
ai,3,丕賱噩賳爻賷賳	
ai,3,賱亘賷丕賳	
ai,6,賱賱亘賷丕賳	
ai,2,丕賱兀禺乇賷丕賳	
ai,2,丕賱丿乇丕爻鬲丕賳	
ai,2,丕賱賵賱丕賷鬲賷賳	
ai,2,賵丕賱毓賲乇丕賳	
ai,3,丕賱鬲丕乇賷禺賷鬲賷賳	
ai,2,賵丕賱丿賷賵丕賳	
ai,2,丕賱丿賷賵丕賳	
ai,3,丕賱賮丕毓賱賷賳	
ai,3,丕賱兀夭賲丕賳	
ai,2,丕賱兀賲丕賳	
ai,8,賵丕賱賲賴鬲賲賷賳	
ai,8,賱賱賲賲丕乇爻賷賳	
ai,6,亘囟賲丕賳	
ai,6,丕賱丕爻鬲毓賲丕乇賷賷賳	
ai,2,亘爻賰丕賳	
ai,2,鬲賯賳賷賳	
ai,4,鬲亘賷丕賳	
ai,6,丕賱賲丕賱賰賷賷賳	
ai,1,賵丕賱毓氐賷丕賳	
ai,3,賵丕賱賲丨鬲乇賮賷賳	
ai,1,賵丕賱賲乇丕亘胤賷賳	
ai,15,鬲賲賰賷賳	
ai,6,賲鬲爻丕賵賷賷賳	
ai,6,胤乇賮賷賳	
ai,3,賲爻鬲孬賲乇賷賳	
ai,5,賲鬲丨賷夭賷賳	
ai,5,丨賷賳	
ai,9,丕賱鬲丕乇賷禺賷賷賳	
ai,9,賲鬲賰丕賮卅賷賳	
ai,2,丕賱賲噩丕賴丿賷賳	
ai,4,賷鬲毓賷賳	
ai,4,賵丕賱賲賲丕乇爻賷賳	
ai,5,丕賱賲鬲毓丕賵賳賷賳	
ai,8,賵丕賱爻賰丕賳	
ai,5,賲爻鬲賵賷賷賳	
ai,8,賯賵丕賳賷賳	
ai,6,賵丕賱賯賵丕賳賷賳	
ai,2,賵丕賱賲毓賱賲賷賳	
ai,2,丕賱賲鬲毓賱賲賷賳	
ai,2,賵丕賱亘丕丨孬賷賳	
ai,4,亘丕賱賲爻賱賲賷賳	
ai,8,丕賱丿賵賱鬲賷賳	
ai,13,丕賱廿爻賱丕賲賷鬲賷賳	
ai,13,丕賱賯賵鬲賷賳	
ai,13,賴丕鬲賷賳	
ai,13,丕賱丿賵賱鬲丕賳	
ai,8,丕亘丕賳	
ai,3,賵丕賱氐乇丕賮賷賳	
ai,8,亘毓賷賳	
ai,8,丕賱廿爻賱丕賲賷賷賳	
ai,8,賵丕賱丕賯鬲氐丕丿賷賷賳	
ai,5,丕賱兀賵夭丕賳	
ai,4,賵丕賱丿丕乇爻賷賳	
ai,3,賵丕賱賲賰丕賳	
ai,3,丕賱夭賲丕賳	
ai,3,丕賱賲丿賳賷賷賳	
ai,2,廿賳爻丕賳	
ai,2,賵丕賱丕丨鬲囟丕賳	
ai,1,丕賱丕丨鬲囟丕賳	
ai,2,賱賱丕丨鬲囟丕賳	
ai,5,丕賱賲爻鬲賴丿賮賷賳	
ai,5,丕賱鬲亘丕賷賳	
ai,2,丕賱亘丕丨孬丕賳	
ai,6,賷丐乇禺丕賳	
ai,4,丕賱廿賷丕賱鬲賷賳	
ai,4,賱爻丕賳	
ai,7,氐賮丨鬲賷賳	
ai,7,賲爻鬲卮乇賯賷賳	
ai,7,氐丨賮賷賷賳	
ai,3,丕賱兀氐賱賷賷賳	
ai,5,賮賳丕賳賷賳	
ai,5,賲鬲毓丕賷卮賷賳	
ai,4,賵丕賱噩夭丕卅乇賷賷賳	
ai,7,丕賱廿禺賲賷賳賷賷賳	
ai,7,兀乇賷賲丕賳	
ai,7,賵兀乇賷賲丕賳	
ai,7,廿賱賴賷賳	
ai,7,賱廿賷乇丕賳	
ai,5,兀賴乇賷賲丕賳	
ai,5,賰丿賷賳	
ai,5,兀賴乇賲丕賳	
ai,2,丕賱賲丐賱賮賷賳	
ai,5,丕賱丕孬賳丕賳	
ai,10,賵丕賱賲爻鬲賯亘賱賷賷賳	
ai,10,丕賱賲毓丕氐乇賷賳	
ai,1,丕賱賲爻鬲賵賷賷賳	
ai,7,賲鬲賲丿乇爻賷賳	
ai,2,賲乇賷賳	
ai,2,丕賱賮丕乇賷賳	
ai,7,賵賲爻鬲孬賲乇賷賳	
ai,7,賲丨賱賷賷賳	
ai,7,賲爻丐賵賱賷賳	
ai,3,賱賱毓孬賲丕賳賷賷賳	
ai,5,丕賱賲爻鬲賳賷乇賷賳	
ai,5,賲鬲兀孬乇賷賳	
ai,4,亘丕賱丌禺乇賷賳	
ai,3,丕賱賳毓賲丕賳	
ai,4,賵丕賱賲爻丐賵賱賷賳	
ai,9,丕賱賲丨丕爻亘賷賳	
ai,8,賱賱賲丨丕爻亘賷賳	
ai,7,禺乇丕爻丕賳	
ai,3,賱爻賰丕賳	
ai,3,賵丕賱鬲賲賰賷賳	
ai,2,賵丕賱賲賵丕夭賷賳	
ai,1,廿賷賰噩丕賳	
ai,5,賱賱廿爻賲丕毓賷賱賷賷賳	
ai,4,賱賱賳丕噩賷賳	
ai,4,丕賱賲卮丕乇賰賷賳	
ai,7,賰亘賷乇賷賳	
ai,7,丕賱乇賷賮賷賷賳	
ai,7,丕賱賲毓鬲丿賷賳	
ai,2,賲毓鬲丿賷賳	
ai,3,賱賱賲賴丕噩乇賷賳	
ai,3,丕賱賲賴丕噩乇賷賳	
ai,4,賵鬲兀賲賷賳	
ai,2,鬲兀賲賷賳	
ai,2,丕丨鬲囟丕賳	
ai,2,丕賱鬲賵賳爻賷賷賳	
ai,2,賰兀賲賷賳	
ai,6,丕賱賮鬲乇鬲賷賳	
ai,3,丕噩鬲賲丕毓賷鬲賷賳	
ai,3,胤亘賯鬲賷賳	
ai,3,丕賱賲毓丕賯賷賳	
ai,5,賵乇噩賱丕賳	
ai,12,賵丕賱兀禺氐丕卅賷賷賳	
ai,12,賱賱賲毓賱賲賷賳	
ai,12,丕賱賲鬲兀孬乇賷賳	
ai,12,丕賱賳賮爻賷賷賳	
ai,12,賵丕賱丕禺鬲氐丕氐賷賷賳	
ai,4,丕賱賯乇丌賳賷賷賳	
ai,26,賱賱氐賱賷亘賷賷賳	
ai,26,丕賱亘賷夭賳胤賷賷賳	
ai,26,丕賱賲爻賷丨賷賷賳	
ai,5,丕賱卮乇賯賷賷賳	
ai,5,賱賱氐賱賷亘賷賳	
ai,5,丕賱賲賱賰丕賳賷賷賳	
ai,1,賲乇卮丨賷賳	
ai,3,賷毓夭夭丕賳	
ai,3,丕賱賲賳鬲馗賲賷賳	
ai,5,賯丕賳賵賳賷賷賳	
ai,2,丕賱夭賵噩賷賳	
ai,3,丕賱賯丕賳賵賳賷賷賳	
ai,3,賱賱賲卮乇毓賷賳	
ai,6,賵丕賱賲丨丕賲賷賷賳	
ai,6,丕賱賲卮乇賾毓賷賳	
ai,6,賵丕賱兀賰丕丿賷賲賷賷賳	
ai,3,賵丕噩鬲賲丕毓賷賷賳	
ai,1,賱賱賲乇卮丨賷賳	
ai,1,丕賱賲乇卮丨賷賳	
ai,3,丕賱賳丕禺亘賷賳	
ai,3,丕賱賲禺鬲賱賮賷賳	
ai,7,噩夭丕卅乇賷賷賳	
ai,7,亘丕丨孬賷賳	
ai,6,丕賱賲賵乇爻賰賷賷賳	
ai,4,賵丕賱賲丨丕賲賷賳	
ai,11,賱賱兀賳丿賱爻賷賷賳	
ai,7,丕賱乇氐賷賳	
ai,1,毓賳賵丕賳	
ai,3,丕賱賲賳禺乇胤賷賳	
ai,2,乇氐賷賳	
ai,6,賱賱胤乇賮賷賳	
ai,6,賵賲賲丕乇爻賷賳	
ai,3,丕賱毓賱賲賷賷賳	
ai,4,丕賱兀夭賲鬲賷賳	
ai,4,賵丕賱賲賴賳賷賷賳	
ai,2,丕賱丨賲丕丿賷賷賳	
ai,3,丕賱夭賷乇賷賷賳	
ai,7,丕賱賲禺鬲氐賷賳	
ai,5,賵兀賲丕賳	
ai,2,丕賱賷賯馗丕賳	
ai,6,丕賱賲氐賱丨賷賳	
ai,6,丕賱乇噩賱賷賳	
ai,3,丕賱卮禺氐賷鬲賷賳	
ai,10,丕賱賳賲賵匕噩丕賳	
ai,10,賵賴匕丕賳	
ai,10,賲丨丿丿賷賳	
ai,10,賳賲賵匕噩賷賳	
ai,10,兀丨囟丕賳	
ai,5,賵丕賱賲乇亘賷賳	
ai,7,亘丕乇夭鬲賷賳	
ai,7,丨丕賱鬲賷賳	
ai,9,賱賱丕爻鬲亘賷丕賳	
ai,5,賵丕賱賲爻鬲賴賱賰賷賳	
ai,5,賵丕賱賲卮丕乇賰賷賳	
ai,5,賱賱賲丐乇禺賷賳	
ai,3,賵丕賱鬲賱賯賷賳	
ai,3,丕賱兀爻亘丕賳	
ai,1,賱賱賲鬲毓賱賲賷賳	
ai,5,丿賷賵丕賳	
ai,2,丕賱賮賷賱爻賵賮賷賳	
ai,5,賲賳禺乇胤賷賳	
ai,3,賵丕賱鬲乇亘賵賷賷賳	
ai,3,丕賱兀禺氐丕卅賷賷賳	
ai,4,賵丕賱賲丿乇爻賷賳	
ai,4,賵丕賱賲鬲禺氐氐賷賳	
ai,2,丕賱夭賷亘丕賳	
ai,10,丕賱賲爻賳賷賳	
ai,10,丕賱賲賯賷賲賷賳	
ai,10,賵賵賴乇丕賳	
ai,10,賵丕賱賲爻賳賷賷賳	
ai,9,賱賱賲爻賳賷賳	
ai,4,丕賱賲賰丕賳	
ai,6,丕賱賱丕毓亘賷賳	
ai,6,賱丕毓亘賷賳	
ai,6,賲噩賲賵毓鬲賷賳	
ai,2,氐毓亘賷賳	
ai,8,丕賱賲賵賴賵亘賷賳	
ai,7,賵丕賱賲爻鬲賰卮賮賷賳	
ai,1,丕賱賮氐賱賷賳	
ai,4,賲賵夭毓賷賳	
ai,10,丕賱馗丕賴乇鬲賷賳	
ai,5,鬲丕乇賷禺賷鬲賷賳	
ai,5,馗丕賴乇鬲賷賳	
ai,5,丕賱毓丕丿賷賷賳	
ai,8,丕賱鬲乇亘賵賷賷賳	
ai,8,賱賱賲乇卮丿賷賳	
ai,8,丕賱賲乇卮丿賷賳	
ai,8,賲丨賰賲賷賳	
ai,8,賲噩丕賱賷賳	
ai,8,賯爻賲賷賳	
ai,9,毓卮乇賷賳	
ai,5,丕賱氐賵鬲賷賳	
ai,2,丕賱賲氐丕亘賷賳	
ai,4,亘賵賴乇丕賳	
ai,4,賵兀毓賵丕賳	
ai,3,鬲亘賷賷賳	
ai,7,丕賱賲賲乇囟賷賳	
ai,7,賱賱賲乇囟賷賳	
ai,7,賵丕賱賲氐賳毓賷賳	
ai,11,丕賱賲鬲睾賷乇賷賳	
ai,4,丕賱丕孬賳賷賳	
ai,4,賲囟賷賮賷賳	
ai,5,賲賯賷丕爻賷賳	
ai,5,丕賱丨丕賲賱賷賳	
ai,6,賲丕賳	
ai,8,賱賱賲毓丕賯賷賳	
ai,5,丕賱賲賳鬲噩賷賳	
ai,4,丕賱兀賯乇丕賳	
ai,5,丕賱賲爻鬲卮丕乇賷賳	
ai,10,亘賲丐賱賮賷賳	
ai,10,賵丕賱亘賱丿丕賳	
ai,10,賵賲爻丕賴賲賷賳	
ai,10,賲賯丿賲賷賳	
ai,3,賵賯賵丕賳賷賳	
ai,7,丕賱賲鬲囟乇乇賷賳	
ai,5,丕賱禺乇賷噩賷賳	
ai,5,賲毓鬲賲丿賷賳	
ai,5,賲丐賴賱賷賳	
ai,5,丕賱鬲賱賯賷賳	
ai,4,丕賱鬲賰賵賷賳	
ai,7,賵丕賱賲鬲毓賱賲賷賳	
ai,7,亘丕賱鬲賰賵賷賳	
ai,5,鬲胤賵丕賳	
ai,3,賵丕賱賲卮乇毓賷賳	
ai,8,賯賵鬲賷賳	
ai,3,丕賱賲鬲禺氐氐賷賳	
ai,15,丕賱廿賱賰鬲乇賵賳賷賷賳	
ai,3,賵丕賱毓丕賲賱賷賳	
ai,3,丕賱乇卅賷爻賷賷賳	
ai,1,丕賱賵賴乇丕賳賷賷賳	
ai,5,丕賱賲孬賯賮賷賳	
ai,7,丕賱兀賲賵賷賷賳	
ai,7,禺賲爻賷賳	
ai,7,丕賱賲毓丕丿賷賳	
ai,9,賵丕賱賲賵乇丿賷賳	
ai,9,丕賱賲氐賳毓賷賳	
ai,8,賵丕賱賲卮乇賮賷賳	
ai,8,丕賱賲鬲丿丕禺賱賷賳	
ai,4,丕賱乇賴亘丕賳	
ai,2,賵丕賱賰賷丕賳	
ai,4,賵鬲亘賷賳	
ai,4,丕賱兀乇賰丕賳	
ai,4,賵丕賱兀乇賰丕賳	
ai,2,丕賱賲丨丿賾賽孬賷賳	
ai,5,丕賱賲賰賱賮賷賳	
ai,6,賵丕賱賲爻鬲孬賲乇賷賳	
ai,6,丕賱賲卮鬲乇賷賳	
ai,6,亘丕賱鬲兀賲賷賳	
ai,6,亘鬲兀賲賷賳	
ai,4,丕賱賲鬲毓丕賯丿賷賳	
ai,3,丕賱毓賯丕乇賷賷賳	
ai,3,賵丕賱賲丨鬲丕噩賷賳	
ai,3,丕賱賲賮賴賵賲賷賳	
ai,7,丕賱賮賱丕丨賷賷賳	
ai,7,爻乇亘丕賳	
ai,10,丕賱賳馗乇賷鬲賷賳	
ai,10,鬲丿賵賷賳	
ai,10,賵丕賱亘乇丕賴賷賳	
ai,10,賳馗乇賷鬲賷賳	
ai,2,賱賱丿丕乇爻賷賳	
ai,2,丕賱賲賮鬲賷賳	
ai,2,丕賱丿丕乇爻賷賳	
ai,5,賷丿毓賷丕賳	
ai,5,氐賵鬲賷賳	
ai,5,賵丕賱噩睾乇丕賮賷賷賳	
ai,6,賵噩睾乇丕賮賷賷賳	
ai,6,賲丐乇禺賷賳	
ai,4,賲亘丕卮乇賷賳	
ai,2,亘鬲賱賲爻丕賳	
ai,2,賷丕爻賷賳	
ai,3,丕賱亘乇賴丕賳	
ai,2,丕賱乇丕卮丿賷賳	
ai,4,賱鬲亘賷丕賳	
ai,4,乇卅賷爻賷賷賳	
ai,4,賲賳馗賵乇賷賳	
ai,3,賵丕賱賲亘鬲賰乇賷賳	
ai,3,賱賱賲禺鬲乇毓賷賳	
ai,2,亘亘賷丕賳	
ai,3,丕賱兀賵賱賷賳	
ai,3,丕賱亘丕賱睾賷賳	
ai,2,丕賱兀氐賵賱賷賷賳	
ai,2,賵丕賱賲賮爻乇賷賳	
ai,2,賲毓丕賳	
ai,2,賱賲毓丕賳	
ai,8,丕賱噩睾乇丕賮賷賷賳	
ai,4,丕賱爻賱賮賷賷賳	
ai,4,賲鬲亘丕賷賳賷賳	
ai,4,鬲賷丕乇賷賳	
ai,2,賵乇丕卅丿賷賳	
ai,2,賰賲亘鬲賰乇賷賳	
ai,8,丕賱鬲毓賱賷賲賷賷賳	
ai,8,賵廿丿丕乇賷賷賳	
ai,8,賵賲毓賱賲賷賳	
ai,2,亘丕賱賲賰賱賮賷賳	
ai,4,丕賱賲賮爻乇賷賳	
ai,4,賵兀丨賷丕賳	
ai,4,兀丨賷丕賳	
ai,5,賵丕賱賲爻丕賮乇賷賳	
ai,2,賱賱賲乇賷丿賷賳	
ai,6,賵丕賱賲鬲氐賵賮賷賳	
ai,6,賱賱爻丕賱賰賷賳	
ai,4,賵丕賱賲賴鬲丿賷賳	
ai,4,丕賱爻丕賱賰賷賳	
ai,5,丕賱賲卮乇毓賷賳	
ai,7,丕賱賮乇賷賯賷賳	
ai,7,兀賳丿賱爻賷賷賳	
ai,5,兀爻丕爻賷賷賳	
ai,5,毓賳氐乇賷賳	
ai,2,賵賲賰丕賳	
ai,4,亘丕賱廿賲賰丕賳	
ai,5,丕賱賯丿賷爻賷賳	
ai,4,丕賱賲鬲禺夭賳賷賳	
ai,4,賵丕賱賲丨賯賯賷賳	
ai,3,丕賱氐賷賳	
ai,3,兀賲丕賳	
ai,5,丕賱廿胤丕乇賷賳	
ai,2,賲賰丕賳	
ai,1,賱鬲賲賰賷賳	
ai,3,丕賱氐丕賱丨賷賳	
ai,7,亘賵賲丿賷賳	
ai,4,賵丕賱廿丿丕乇賷賷賳	
ai,6,丕賱兀毓賷丕賳	
ai,8,賵丕賱亘乇鬲睾丕賱賷賷賳	
ai,8,賵丕賱廿爻亘丕賳	
ai,8,丕賱夭亘丕賳賷賷賳	
ai,5,丕賱毓賷丕賳	
ai,7,兀丿丕鬲賷賳	
ai,3,丕毓亘賲丕賷賳	
ai,4,賱賱賲賯丕鬲賱賷賳	
ai,2,丕賱賲鬲兀禺乇賷賳	
ai,2,丕賱賳爻乇賷賳	
ai,6,亘丕賱爻賱胤鬲賷賳	
ai,2,丨爻賷賳	
ai,11,丕賱乇賷丕囟賷賷賳	
ai,2,丕賱氐亘賷丕賳	
ai,14,丕丿賱鬲兀禺乇賷賳	
ai,14,賵丕丿賱鬲兀禺乇賷賳	
ai,14,毓孬賲丕賳	
ai,14,賵丕賱氐亘賷丕賳	
ai,14,丕賱賵賶乇丕賷賳	
ai,14,賵賶乇丕賳	
ai,6,丕賱賲噩丕賱賷賳	
ai,15,丕賱毓賱賲賷賳	
ai,15,氐賳賮賷賳	
ai,11,賷夭賵丿丕賳	
ai,11,賲鬲賰丕賲賱賷賳	
ai,11,丕賱賮乇毓賷賳	
ai,5,鬲囟賲賷賳	
ai,7,禺賱賰丕賳	
ai,3,賵乇丕賳	
ai,2,丕賱賲賳丕賮爻賷賳	
ai,3,賯乇賷亘賷賳	
ai,2,賵丕賱賲爻鬲卮乇賯賷賳	
ai,3,丕賱爻賳賾丕賳	
ai,6,丕賱爻賳丕賳	
ai,3,賷鬲亘丕乇賷丕賳	
ai,1,賮氐賱賷賳	
ai,8,賱賱賲夭丕乇毓賷賳	
ai,8,丕賱賲爻鬲賮賷丿賷賳	
ai,8,賵丕賱賲夭丕乇毓賷賳	
ai,4,賵丕賱賯丕卅賲賷賳	
ai,4,丕賱賲夭丕乇毓賷賳	
ai,4,丕賱丨爻賷賳	
ai,2,亘兀賲丕賳	
ai,2,丕賱亘賳賰賷賷賳	
ai,12,丕賱賲鬲夭賵噩賷賳	
ai,12,賵賲鬲賮丕賵鬲賷賳	
ai,12,賲爻鬲禺丿賲賷賳	
ai,4,丕賱氐丨乇丕賵賷賷賳	
ai,4,賲卮賷乇賷賳	
ai,5,毓賳丕賵賷賳	
ai,5,丕賱丨賯賷賯賷賷賳	
ai,6,賱賱賲爻丐賵賱賷賳	
ai,6,鬲孬賲賷賳	
ai,1,丕賱毓賳丕賵賷賳	
ai,8,丨賯賷賯賷賷賳	
ai,8,賲丐賱賮賷賳	
ai,9,賲乇丿丿賷賳	
ai,9,丕賱乇賵丕賷鬲賷賳	
ai,2,賵賯丕丿乇賷賳	
ai,3,賱賱噩丕賳	
ai,3,亘兀賱賵丕賳	
ai,7,丕賱兀賱賵丕賳	
ai,3,亘丕賱兀賱賵丕賳	
ai,3,賲賷丕丿賷賳	
ai,4,丕賱賲匕賰賵乇賷賳	
ai,6,賲賮賰乇賷賳	
ai,6,賵丿賵賱賷賷賳	
ai,4,丿賷賳	
ai,6,丿賮賷賳	
ai,5,賵丕賱賲鬲兀禺乇賷賳	
ai,5,丕賱賲鬲賯丿賲賷賳	
ai,8,賵丕賱賲毓丕氐乇賷賳	
ai,6,丕賱賵噩丿丕賳	
ai,6,丕賱賲噩賷亘賷賳	
ai,6,丕賱賲賯丕賵賱賷賳	
ai,3,丕賱賮丕卮賱賷賳	
ai,3,賲丿毓賷賳	
ai,3,賱賱夭賷丕賳賷賷賳	
ai,2,賲丨賮賵馗鬲丕賳	
ai,2,賳爻禺鬲賷賳	
ai,3,丕賱賲賷夭丕賳	
ai,3,丕賱賲氐乇賮賷賷賳	
ai,9,丕賱乇丕睾亘賷賳	
ai,9,丕賱鬲丨爻賷賳	
ai,9,鬲購亘賷賳	
ai,9,丕賱兀賰丕丿賷賲賷賷賳	
ai,3,賵廿賷賲丕賳	
ai,3,丕賱廿賷賲丕賳	
ai,2,賲爻鬲毓賷賳	
ai,11,丕賱賲噩賲賵毓鬲賷賳	
ai,3,丕賱孬賯丕賮鬲賷賳	
ai,5,丕賱賳丕卮乇賷賳	
ai,5,丕賱亘乇丿賷賳	
ai,1,丕賱亘乇賷丿賷賷賳	
ai,8,丕賱賲噩鬲賲毓賷賳	
ai,8,賲禺鬲賱賮賷賳	
ai,8,賲噩鬲賲毓賷賳	
ai,9,賵丕賱賲丿賷乇賷賳	
ai,2,爻毓丿丕賳	
ai,2,丕賱賯爻賲賷賳	
ai,5,賵丕賱丿賵賱賷賷賳	
ai,2,丕賱賲鬲毓賱賾賲賷賳	
ai,12,丕賱禺丕乇噩賷賷賳	
ai,12,賵丕賱賲乇丕噩毓賷賳	
ai,12,丕賱賲賲丕乇爻賷賳	
ai,6,賵丕賱賲賲乇賾賽囟賷賳	
ai,3,丕賱爻丐丕賱賷賳	
ai,3,賲丨賵乇賷賳	
ai,6,丕賱賲丐賱賮丕賳	
ai,6,丕賱毓賲賱賷賳	
ai,3,賰乇丿賮丕賳	
ai,2,丕賱丨爻亘丕賳	
ai,3,丕賱廿丿丕乇賷賷賳	
ai,4,丕賱賴噩賷賳	
ai,1,丕賱爻賵乇賷賷賳	
ai,4,丕賱毓丕胤賱賷賳	
ai,3,丕賱爻丕禺乇賷賳	
ai,3,丕賱乇賵丕卅賷賷賳	
ai,3,賷爻賴賲丕賳	
ai,3,賷爻丿丕賳	
ai,3,賷賲孬賱丕賳	
ai,3,賰丕卮賮賷賳	
ai,2,賳賵毓賷賳	
ai,4,賵丕賱賲爻賷丨賷賷賳	
ai,5,賱兀賲賷賳	
ai,3,賲鬲亘丕賷賳	
ai,2,丕賱毓乇賮丕賳	
ai,6,丕賱丿賷丕賳鬲賷賳	
ai,3,丕賱賵丕賮丿賷賳	
ai,8,賵丕賱賲卮乇丿賷賳	
ai,8,噩丕賳亘丕賳	
ai,8,賱賲賵亘丕爻丕賳	
ai,8,丕賱卮賷胤丕賳	
ai,8,賲丨丿丿鬲賷賳	
ai,8,賯氐鬲賷賳	
ai,8,賲賵亘丕爻丕賳	
ai,7,丕賱兀賯氐賵氐鬲賷賳	
ai,7,賱賱賰丕鬲亘賷賳	
ai,11,丕賱賯氐鬲賷賳	
ai,11,丕賱兀丿亘賷賳	
ai,10,孬賯丕賮鬲賷賳	
ai,2,丕賱賱爻丕賳	
ai,1,丕賱廿賲賰丕賳	
ai,4,丕賱賲賳馗賵乇賷賳	
ai,3,丕賱賲乇亘賷賳	
ai,5,賲禺鬲氐賷賳	
ai,4,夭賷丕賳	
ai,2,賳賵乇丕賱丿賷賳	
ai,2,丿丨賲丕賳	
ai,1,丕賱氐賵賮賷賷賳	
ai,3,丕賱賲購胤賱毓賷賳	
ai,5,丕賱賲亘丨賵孬賷賳	
ai,4,丕賱爻賵賯賷賳	
ai,4,丕賱賲乇丨賱鬲賷賳	
ai,16,賲鬲賷賳	
ai,4,丕賱賲爻鬲卮乇賯賷賳	
ai,5,賱噩丕賳	
ai,1,丕賱丨丿賷孬賷賳	
ai,5,兀爻丕爻賷鬲賷賳	
ai,2,賴賷乇卮賲丕賳	
ai,2,丕賱兀爻丕爻賷賷賳	
ai,2,丕賱乇賰賳賷賳	
ai,3,賵丕賱賲丨丿孬賷賳	
ai,3,丕賱鬲噩丕乇賷賷賳	
ai,2,乇賵賲丕賳	
ai,2,丕賱賲氐賱賷賳	
ai,3,賵丕賱賲賷夭丕賳	
ai,1,丕賱毓乇亘賷賷賳	
ai,1,丕賱賱睾鬲賷賳	
ai,1,賮丕賳	
ai,1,丕賱亘賷賳	
ai,5,鬲爻鬲毓賷賳	
ai,5,賵丕賱夭賲丕賳	
ai,5,毓丕賱賲賷賳	
ai,1,賷賱毓亘丕賳	
ai,12,賵賲卮乇毓賷賳	
ai,12,賵亘丕丨孬賷賳	
ai,12,廿丿丕乇賷賷賳	
ai,3,賱賲賮賰乇賷賳	
ai,4,丕賱丿賮賷賳	
ai,6,賱賱賲丿賷乇賷賳	
ai,6,賲鬲賲丕孬賱丕賳	
ai,4,賷毓鬲賲丿丕賳	
ai,6,賲亘賷賳	
ai,4,丕賱賵馗賷賮鬲賷賳	
ai,5,賵丕賱毓賳賵丕賳	
ai,5,丕賱鬲囟賲賷賳	
ai,5,丕賱賷丕爻賲賷賳	
ai,8,賱賱毓賳賵丕賳	
ai,3,賵賲爻丐賵賱賷賳	
ai,1,亘丕賱賲賰丕賳	
ai,4,丕賱毓賳丕賳	
ai,4,丕賱賮賯丿丕賳	
ai,4,賰賷丕賳	
ai,4,丕賱賴噩乇丕賳	
ai,5,丕賱賲丕賱賷賷賳	
ai,2,丕賱賷賵賳丕賳	
ai,4,賲鬲囟賲賳賷賳	
ai,4,丕賱賷賵賳丕賳賷賷賳	
ai,2,孬丕賳	
ai,3,賷賵賮乇丕賳	
ai,2,賲毓乇賵賮賷賳	
ai,2,賵丕賱亘賷丕賳	
ai,6,夭賲丕賳	
ai,5,丕賱賲鬲乇丿丿賷賳	
ai,3,鬲丨丿賷賷賳	
ai,6,鬲賲丕乇賷賳	
ai,4,丕賱亘賳賰賷賳	
ai,2,囟丕亘胤賷賳	
ai,5,亘賳賰賷鬲賷賳	
ai,1,賵鬲賵胤賷賳	
ai,2,賲毓賷丕乇賷賳	
ai,4,賵丕賱賳丕胤賯賷賳	
ai,4,丕賱賳丕胤賯賷賳	
ai,5,賱賱賳丕胤賯賷賳	
ai,2,賱賱丿賾賷賳	
ai,3,丕賱賲丿乇賵爻賷賳	
ai,4,丕賱賲丕囟賷賷賳	
ai,4,丕賱毓賯丿賷賳	
ai,1,禺丕氐賷賳	
ai,5,賷賯丿賲丕賳	
ai,3,丕賱賮賱爻賮鬲賷賳	
ai,3,亘丕賱廿賷賲丕賳	
ai,1,丕賱賲胤賱毓賷賳	
ai,3,丕賱亘賳賷丕賳	
ai,3,兀丿乇丕賳	
ai,3,丕賱丨丿丕孬賷賷賳	
ai,4,丕賱賲丿乇爻鬲賷賳	
ai,5,賲賳鬲賯賷賳	
ai,1,賵丕丨鬲囟丕賳	
ai,3,賷賰賮賷丕賳	
ai,4,賲毓賱賲賷賳	
ai,6,賯丕丿乇賷賳	
ai,11,丕賱氐丕毓丿賷賳	
ai,11,賱賱丕毓亘賷賳	
ai,11,丕賱鬲賲丕乇賷賳	
ai,2,賵丕賱廿賳爻丕賳	
ai,2,賵丕賱賲囟丕賲賷賳	
ai,6,賵丕賱賲丨丕爻亘賷賳	
ai,3,丕賱丿賯賷賯賷賳	
ai,5,賮賷賳	
ai,2,賱賱兀賵夭丕賳	
ai,1,賵賵噩丿丕賳	
ai,7,丕賱兀丿亘賷賷賳	
ai,7,亘賴匕賷賳	
ai,7,賲鬲乇丕亘胤賷賳	
ai,7,兀丿亘賷賷賳	
ai,7,噩賳爻賷賳	
ai,8,賵丕賱賲爻鬲禺丿賲賷賳	
ai,6,丕賱賳賵毓賷賳	
ai,2,毓購賷賳	
ai,2,亘乇賷賲賱丕賳	
ai,4,丕賱亘賱丕睾賷賷賳	
ai,3,丕賱卮乇賷丕賳	
ai,6,丕賱賳丕丨賷鬲賷賳	
ai,4,賲鬲賲賷夭賷賳	
ai,6,賷毓鬲亘乇丕賳	
ai,9,丕賱賲賳馗乇賷賳	
ai,9,丕賱賯賽乇賻丕賳	
ai,8,丕賱賳馗丕賲賷賷賳	
ai,8,丕賱兀孬乇賷賳	
ai,8,丕賱爻賷丕爻鬲賷賳	
ai,9,賱賴丕鬲賷賳	
ai,9,亘賲賷夭丕賳	
ai,9,賱賱爻賷丕爻鬲賷賳	
ai,2,賱賱爻丕賳	
ai,6,賲賰賵賳賷賳	
ai,5,賷鬲毓賱賯丕賳	
ai,3,丕賱賲丨賵乇丕賳	
ai,13,賷毓丿丕賳	
ai,13,丕賱賱匕賷賳	
ai,13,賷賴丿賮丕賳	
ai,13,賲賮賴賵賲賷賳	
ai,4,賲丨丕賵賱賷賳	
ai,7,亘丕禺鬲賷賳	
ai,7,鬲夭賮胤丕賳	
ai,7,賳賯丿賷賷賳	
ai,7,禺胤賷賳	
ai,8,賵鬲夭賮胤丕賳	
ai,8,丕賱賳賯丿賷賷賳	
ai,8,丕賱禺胤賷賳	
ai,5,賷鬲亘丕賷賳	
ai,2,賱賱賮乇爻丕賳	
ai,5,丕孬賳賷賳	
ai,4,賵丕賱賲賲乇囟賷賳	
ai,1,丕賱賷爻賵毓賷賷賳	
ai,3,賱賱賷爻賵毓賷賷賳	
ai,4,賵丕賱賲乇爻賱賷賳	
ai,2,丕賱賲丿丕賮毓賷賳	
ai,3,丕賱丕賲鬲丨丕賳	
ai,3,賲鬲禺氐氐賷賳	
ai,3,兀賰丕丿賷賲賷賷賳	
ai,3,賲乇卮丿賷賳	
ai,1,丕賱賲鬲乇噩賲賷賳	
ai,1,廿鬲賯丕賳	
ai,4,丕賱睾乇亘賷賷賳	
ai,1,賵丕賱睾乇亘賷賷賳	
ai,1,賳賰乇丕賳	
ai,1,賵賷亘賷賳	
ai,3,丕賱乇賴丕賳	
ai,3,丕賱賲丐賴賱賷賳	
ai,1,賲噩賴夭賷賳	
ai,2,丕賱爻丕亘賯賷賳	
ai,3,丕賱丨乇賲丕賳	
ai,4,丕賱賯胤丕毓賷賳	
ai,3,賵丕賱兀氐賵賱賷賷賳	
ai,3,丕賱賱睾賵賷賷賳	
ai,3,賵丕孬賯賷賳	
ai,3,賲鬲毓賱賲賷賳	
ai,7,賷爻丕賴賲丕賳	
ai,7,賷爻賱胤丕賳	
ai,2,賱賱賲鬲丨丿孬賷賳	
ai,4,賱賱賲爻賵賯賷賳	
ai,2,賵丕賱賮賳丕賳賷賳	
ai,3,噩丕賲毓賷賷賳	
ai,7,丕賱卮賮鬲賷賳	
ai,7,丕賱賲丨丿孬賷賳	
ai,7,賵丕賱卮賮鬲賷賳	
ai,9,丨爻丕賳	
ai,2,賷毓賲賱丕賳	
ai,4,丕賱亘丕賱睾賷賷賳	
ai,2,丕賱鬲賲乇賷賳	
ai,2,賵丕賱鬲賲乇賷賳	
ai,3,賲亘丨孬賷賳	
ai,10,丕賱鬲賲賰賷賳	
ai,3,丕賱賲賯丕乇賳賷賳	
ai,2,亘賷乇賱賲丕賳	
ai,6,丕賱兀匕賴丕賳	
ai,8,亘丕賱鬲賲賰賷賳	
ai,3,賵賲賷夭丕賳	
ai,7,丕卅鬲賲丕賳	
ai,7,賵鬲禺夭賷賳	
ai,5,亘丕賱賲丕賱賰賷賳	
ai,8,賱賱賲氐丿乇賷賳	
ai,4,兀噩賲毓賷賳	
ai,4,賵丕賱丌禺乇賷賳	
ai,3,丕賱賲丿乇爻賷賳	
ai,9,賵兀賷賳	
ai,6,亘丕賱賲囟丕賲賷賳	
ai,6,丕鬲噩丕賴賷賳	
ai,1,丕賱爻賷賳	
ai,3,賵丕賱爻賷賳	
ai,3,賱賰賵賳丕賳	
ai,3,賰賵賳丕賳	
ai,4,賱賱鬲亘丕賷賳	
ai,2,亘廿鬲賯丕賳	
ai,4,賵丕賱亘乇賴丕賳	
ai,2,鬲賵賷賳	
ai,1,賱賱亘乇丕賴賷賳	
ai,3,賱賱囟賲丕賳	
ai,3,賱賱丕卅鬲賲丕賳	
ai,3,丕賱賰鬲丕亘賷賳	
ai,2,丕賱胤乇賷賯鬲賷賳	
ai,4,丕賱賲爻丕賴賲賷賳	
ai,3,丕賱賲丨賵乇賷賳	
ai,3,賱賱賲賰丕賳	
ai,1,丕賱丨夭賷賳	
ai,3,賵丕賱鬲賰賵賷賳	
ai,5,賲爻鬲賴賱賰賷賳	
ai,5,賲賰鬲卮賮賷賳	
ai,5,賱賱賲乇丕賴賯賷賳	
ai,9,丕賱囟賲丕賳	
ai,9,氐賵乇鬲賷賳	
ai,9,賰囟賲丕賳	
ai,9,丕賱丕卅鬲賲丕賳	
ai,2,丕賱鬲賯賱賷丿賷賷賳	
ai,4,丕賱賵噩丿丕賳賷賷賳	
ai,6,鬲賯賱賷丿賷賷賳	
ai,6,賵丕賱賵噩丿丕賳	
ai,8,賵丕賱賵噩丿丕賳賷賷賳	
ai,8,賵噩丿丕賳	
ai,12,丕賱氐賵乇鬲賷賳	
ai,19,乇卅賷爻賷鬲丕賳	
ai,19,氐賵乇鬲丕賳	
ai,19,丕賱丿丕卅賳賷賳	
ai,19,賱賱丿丕卅賳賷賳	
ai,1,賲賴賲賷賳	
ai,1,賵丕賱賱睾賵賷賷賳	
ai,3,賱賱賲鬲賴賲賷賳	
ai,3,丕賱賲鬲賴賲賷賳	
ai,2,賱毓孬賲丕賳	
ai,8,毓賲乇丕賳	
ai,8,賳毓賷賳	
ai,8,廿賲毓丕賳	
ai,8,賷毓賷賳	
ai,5,賷購亘賷賳	
ai,6,賲毓丕賷賳	
ai,6,丕賱賷賵賳丕賷賳	
ai,6,丕賱賳賯丿賷賿賷賳	
ai,6,丕賱乇鬲丕孬賿賷賳	
ai,6,丕賲賱毓丕賷賳	
ai,2,乇賵賱丕賳	
ai,9,賵丨丿鬲賷賳	
ai,9,囟丕亘胤鬲賷賳	
ai,9,賵賲噩賲賵毓鬲賷賳	
ai,9,鬲噩乇賷亘賷鬲賷賳	
ai,5,賵囟丕亘胤鬲賷賳	
ai,5,丕賱賲賳賴噩丕賳	
ai,5,賴匕丕賳	
ai,5,賱賱賲鬲賱賯賷賳	
ai,5,丕賱毓丕賱賲丕賳	
ai,5,鬲丨馗賷丕賳	
ai,1,丿賵丕賵賷賳	
ai,2,賲毓丕氐乇賷賳	
ai,2,賵鬲賲賰賷賳	
ai,4,賵丕賱乇賴丕賳	
ai,4,乇賴丕賳	
ai,14,賱賲賵乇賷賳	
ai,3,丨胤賷賳	
ai,3,鬲鬲亘丕賷賳	
ai,2,亘賲賰丕賳	
ai,3,賷卮鬲乇賰丕賳	
ai,8,賲乇鬲亘胤丕賳	
ai,9,賲丐賰丿賷賳	
ai,9,毓賱賲賷賳	
ai,3,賰賲丿丕賮毓賷賳	
ai,2,爻亘丕賯賷賳	
ai,2,賲鬲乇噩賲賷賳	
ai,2,賮乇毓賷賷賳	
ai,2,賳馗丕賲賷賳	
ai,6,丕賱賯乇賵賷賷賳	
ai,1,賵丕賱兀賱賵丕賳	
ai,2,鬲賱賯賷賳	
ai,5,賱賱兀賱賵丕賳	
ai,5,鬲夭賷賷賳	
ai,1,賱兀賱賵丕賳	
ai,2,丕賱賲乇鬲賰亘賷賳	
ai,3,丕賱賲鬲賮賵賯賷賳	
ai,2,丕賱賲噩乇賲賷賳	
ai,2,賵丕賱賲丨亘賵爻賷賳	
ai,3,亘乇賲賱丕賳	
ai,3,賱亘賷乇賱賲丕賳	
ai,4,亘乇賱賲丕賳	
ai,3,丨丿賷賳	
ai,5,賲丨鬲乇賮賷賳	
ai,6,丕賱兀爻賱賵亘賷賷賳	
ai,7,丕賱賲鬲賲孬賱鬲賷賳	
ai,7,賷購毓鬲亘乇丕賳	
ai,4,賱賱賲鬲丨丕亘賷賳	
ai,4,賵丕賱丿賰丕賰賷賳	
ai,3,賱賱賲爻鬲毓賲乇賷賳	
ai,4,賵丕賱賲爻鬲毓賲乇賷賳	
ai,4,賵丕賱賲丿乇亘賷賳	
ai,3,丕賱賲鬲丨丿孬賷賳	
ai,1,賱賮爻丕鬲賷賳	
ai,2,賵丕賱睾賷賱丕賳	
ai,1,賱賱鬲賰賵賷賳	
ai,3,兀賵睾爻鬲丕賳	
ai,3,丕賱丨囟丕乇鬲賷賳	
ai,10,賲鬲噩丕賵乇丕賳	
ai,10,氐丕賲鬲丕賳	
ai,10,丕賱賲鬲賲丕孬賱賷賳	
ai,10,丕賱賲孬賱賷賳	
ai,10,賲賵囟毓賷賳	
ai,2,丕賱賳氐賷賳	
ai,4,丕賱賯丕丿乇丕賳	
ai,4,鬲賷賲賷賳	
ai,2,賯亘賷賱鬲賷賳	
ai,3,賵鬲夭賷賷賳	
ai,6,賱賱賲孬賯賮賷賳	
ai,2,丕賱賲禺丕胤亘賷賳	
ai,2,丕賱賲鬲賰賱賲賷賳	
ai,4,亘賲賷丿丕賳	
ai,7,賵丕賱賲賳鬲噩賷賳	
ai,2,鬲毓賷賳	
ai,3,賲毓乇賮賷賷賳	
ai,3,丕賱賲丐賲賳賷賳	
ai,3,賵爻賱賷賲丕賳	
ai,5,賵丕賱賲禺丕胤亘賷賳	
ai,5,丕賱賲毓乇囟賷賳	
ai,3,賵丕賱賴賵丕賳	
ai,2,鬲賱賷賳	
ai,1,丕賱賲爻噩賱賷賳	
ai,1,賱賱鬲賱賵賷賳	
ai,2,丕賱鬲賱賵賷賳	
ai,1,賰賰賷丕賳	
ai,3,鬲賷賲賵賱賷賳	
ai,4,賵丕賱兀丿賷丕賳	
ai,4,賵賲賮賰乇賷賳	
ai,6,亘丕賱爻賰丕賳	
ai,6,丕賱賯亘賱賷賷賳	
ai,4,丕賱賵賳丕賳	
ai,9,丕賱鬲禺氐氐賷賳	
ai,5,丕賱賰丕鬲亘賷賳	
ai,3,賷爻賲丨丕賳	
ai,3,丕賱賯丕賳賵賳賷賳	
ai,4,賵丕賱廿賷賲丕賳	
ai,3,丕賱鬲卮乇賷毓賷賳	
ai,3,丕賱賲賳賴噩賷賳	
ai,6,賵丕賱胤賵丕毓賷賳	
ai,2,亘乇賴丕賳	
ai,6,賵丕賱兀毓賷丕賳	
ai,6,賱賱賯乇賳賷賳	
ai,6,賵丕賱兀賲賷賳	
ai,6,毓亘丕爻賷賷賳	
ai,3,賲鬲噩丕賴賱賷賳	
ai,1,丕賱賳賷噩賷乇賷賷賳	
ai,3,丕賱廿丨爻丕賳	
ai,2,丕賱賲賵乇賷鬲丕賳賷賷賳	
ai,6,毓馗賷賲賷賳	
ai,2,亘乇賵賰賱賲丕賳	
ai,3,賱賲爻鬲卮乇賯賷賳	
ai,6,亘毓賳丕賵賷賳	
ai,5,賱毓賳丕賵賷賳	
ai,5,丕賱卮禺氐賷鬲丕賳	
ai,3,兀賱賵丕賳	
ai,4,賲賴鬲賲賷賳	
ai,6,丕賱鬲賵丕鬲賷賷賳	
ai,4,賷爻鬲毓賷賳	
ai,4,丕賱賲鬲亘毓賷賳	
ai,4,廿賷乇丕賳	
ai,4,賴賲丿丕賳	
ai,7,丕賱兀丿賷亘賷賳	
ai,7,卮毓賱丕賳	
ai,3,賲禺胤賵胤鬲賷賳	
ai,4,丕賱乇賷丨丕賳	
ai,3,丕賱乇囟賵丕賳	
ai,7,賷卮賷乇丕賳	
ai,5,亘賽丨賲丕賳	
ai,5,賵丿賷賵丕賳	
ai,5,亘丨賲丕賳	
ai,4,賰乇賷丕囟賷賷賳	
ai,4,賵爻亘毓賷賳	
ai,4,賱丕孬賳賷賳	
ai,8,賱爻亘毓賷賳	
ai,8,丕賱兀爻鬲丕匕賷賳	
ai,3,賱賱賲爻丕賴賲賷賳	
ai,6,丕賱卮丕毓乇賷賳	
ai,5,賲賵乇賹鬲丕賳	
ai,5,丕廿賱賳爻丕賳	
ai,5,噩賯丿丕賳	
ai,6,賵丕賱丿賷賳賷賷賳	
ai,6,賵丕賱爻丕爻賷賷賳	
ai,4,賵賲囟丕賲賷賳	
ai,8,丕賱賮賰乇賷賳	
ai,10,賰賱丕毓亘賷賳	
ai,3,賵丕賱氐賱賷亘賷賷賳	
ai,7,丕賱丌爻賷賵賷賷賳	
ai,7,爻賱胤丕賳	
ai,2,丕賱賰乇賵丕賳	
ai,7,賱賱賮賳丕賳賷賳	
ai,7,丕賱賮賳丕賳賷賳	
ai,7,丕賱賮賳丕賳	
ai,3,賱賱賲毓噩賲賷賷賳	
ai,3,丕賱賲毓噩賲賷賷賳	
ai,4,丕賱賲購毓噩賻賲賽賷賷賳	
ai,2,丕賱賮乇賯丕賳	
ai,7,賲卮賴賵乇賷賳	
ai,7,賱賮賳丕賳賷賳	
ai,2,鬲噩乇亘鬲賷賳	
ai,1,丕賱鬲賴噩賷賳	
ai,3,賵丕賱丕噩鬲賲丕毓賷賷賳	
ai,3,丕賱賳賴噩賷賳	
ai,10,賱賱丿賵賱鬲賷賳	
ai,5,丕賱賳馗丕賲賷賳	
ai,2,賲爻鬲毓賷賳賷賳	
ai,12,丕賱卮毓乇賷鬲賷賳	
ai,12,亘賯賵丕賳賷賳	
ai,12,爻丐丕賱賷賳	
ai,6,賷夭丕賱丕賳	
ai,7,賵鬲亘賷丕賳	
ai,7,丕賱賲賴賳鬲賷賳	
ai,10,丕賱賲賴賳鬲丕賳	
ai,10,賴丕鬲丕賳	
ai,6,賱賱鬲囟賲賷賳	
ai,8,賱賱賮賳丕賳	
ai,3,噩賵賴乇賷賳	
ai,1,丕賲乇兀鬲丕賳	
ai,2,丕賱孬賯丕賮賷賷賳	
ai,2,丕賱鬲卮賷賰賷賷賳	
ai,3,賵丕賱鬲卮賷賰賷賷賳	
ai,2,兀賲賷賳	
ai,5,亘丕乇夭鬲丕賳	
ai,5,馗丕賴乇鬲丕賳	
ai,5,丕賱賲禺胤賵亘賷賳	
ai,4,丕賱爻賷丕賯賷賳	
ai,2,丕賱賲丿賷賳	
ai,7,賵丕賱丿丕卅賳賷賳	
ai,7,賱賱賲丿賷賳賷賳	
ai,7,賱賱賲丿賷賳	
ai,1,爻賲賷賲丕賳	
ai,2,賱賱毓亘丕爻賷賷賳	
ai,1,賱賱賮丕胤賲賷賷賳	
ai,2,毓賴丿賷賳	
ai,8,丕賱賲鬲囟丕丿賷賳	
ai,3,丿丕乇賵賷賳	
ai,17,丕賱賲丿丕賴賳賷賳	
ai,2,丕賱賲禺丕賱賮賷賳	
ai,3,丕賱賲鬲賮丕賵囟賷賳	
ai,2,丕賱兀賮毓賵丕賳	
ai,3,賵丕賱賮丕毓賱賷賳	
ai,3,賱鬲丨賷賷賳	
ai,6,亘丕賱丿賷賳	
ai,6,丕賱鬲丿賷賳	
ai,6,亘丕賱鬲丿賷賳	
ai,6,丨丕賮賷鬲賷賳	
ai,6,亘賯丿賲賷賳	
ai,4,睾賱賷夭丕賳	
ai,8,賵丕賱賱丕丨賯賷賳	
ai,1,賱賱賲鬲毓丕賲賱賷賳	
ai,2,賱賱爻賵丿丕賳	
ai,8,賰賲禺鬲乇毓賷賳	
ai,8,賵賲鬲賮鬲丨賷賳	
ai,8,賵馗賷賮鬲賷賳	
ai,6,丕賱丨丕賱鬲賷賳	
ai,6,亘丕賱賲鬲毓丕賯丿賷賳	
ai,6,賲爻鬲睾賱賷賳	
ai,6,丕賱卮丕丨賳賷賳	
ai,8,丿賯賷賯賷賳	
ai,8,賵丕賱卮丕丨賳賷賳	
ai,10,丕賱賳丕賯賱賷賳	
ai,10,賱鬲賯賳賷賳	
ai,5,噩賲丕毓賷鬲賷賳	
ai,5,噩賱爻鬲賷賳	
ai,5,丕賲鬲丨丕賳	
ai,5,丕賱賲賯亘賱賷賳	
ai,4,賱丕賲鬲丨丕賳	
ai,5,賲乇鬲賷賳	
ai,6,賲賳鬲噩賷賳	
ai,6,賰賲賵丕胤賳賷賳	
ai,6,賱賱乇丕睾亘賷賳	
ai,6,賱賱賲丿丕賳賷賳	
ai,6,丕賱賲胤賱賵亘賷賳	
ai,9,賱賱賲氐丕亘賷賳	
ai,4,噩丿乇丕賳	
ai,3,丕賱賲丕賰孬賷賳	
ai,3,丕賱乇賵丨賷賷賳	
ai,7,賵賷爻丕賴賲丕賳	
ai,6,丕賱賲乇丕賮賯賷賳	
ai,6,賵丕賱亘丕賱睾賷賳	
ai,6,賵鬲爻毓賷賳	
ai,4,噩亘乇丕賳	
ai,5,丕賱卮賰賱賷賷賳	
ai,7,賱噩亘乇丕賳	
ai,8,賷禺鬲賱賮丕賳	
ai,8,賷鬲賮賯丕賳	
ai,8,賵丕賱賱爻丕賳賷賷賳	
ai,8,丕賱賰賱丕爻賷賰賷賷賳	
ai,5,賱亘丕禺鬲賷賳	
ai,3,丕賱賳丨賵賷賷賳	
ai,3,賷丐孬乇丕賳	
ai,12,丕賱賲丨鬲乇賲賷賳	
ai,6,丕賱賲丿賷賷賳	
ai,6,亘丕乇夭丕賳	
ai,6,丕賱賲鬲胤丕賵賱賷賳	
ai,4,丕賱賲鬲賱賯賷賳	
ai,3,賵鬲亘賷賷賳	
ai,3,賵丕賱賲爻鬲毓賲賱賷賳	
ai,6,丕丌賱禺乇賷賳	
ai,6,賵鬲乇噩賲丕賳	
ai,2,賵噩丕賳	
ai,4,噩丕賳	
ai,4,賮賷賱爻賵賮賷賳	
ai,1,賵丕賱氐乇賮賷賷賳	
ai,3,賲鬲賱丕夭賲賷賳	
ai,6,賲鬲夭丕賲賳賷賳	
ai,2,賱賱賲鬲禺氐氐賷賳	
ai,3,賵丕賱賲禺鬲氐賷賳	
ai,3,賮乇賷賯賷賳	
ai,2,丕賱乇丨丕賱賷賳	
ai,4,賱賱賲爻鬲毓乇亘賷賳	
ai,4,亘丕賱賲鬲毓丕賲賱賷賳	
ai,5,賲毓鬲乇賮賷賳	
ai,5,亘丕賱胤賵乇賷賳	
ai,3,賵丕賱賱爻丕賳	
ai,1,毓丕賲賱賷賳	
ai,3,亘爻賷胤賷賳	
ai,3,賷卮賰賱丕賳	
ai,3,賷毓賰爻丕賳	
ai,3,亘丕賱夭賲丕賳	
ai,9,丕賱夭賲賰丕賳	
ai,7,亘丕賱夭賲賰丕賳	
ai,7,賵丕賱夭賲賰丕賳	
ai,1,賰賳賲賵匕噩賷賳	
ai,4,丕賱賲賯氐賵丿賷賳	
ai,4,賵賮賱爻胤賷賳	
ai,5,賵賷賵胤丿丕賳	
ai,5,賷孬乇賷丕賳	
ai,2,丕賱賳爻賯賷賳	
ai,3,賳爻賯賷賳	
ai,3,賲鬲毓丕乇囟賷賳	
ai,3,賲囟賲乇賷賳	
ai,8,賵丕賱禺賮賷賷賳	
ai,8,丕賱馗丕賴乇賷賳	
ai,3,丕賱賲丐卮乇賷賳	
ai,3,賲丐卮乇賷賳	
ai,1,亘兀賮睾丕賳爻鬲丕賳	
ai,1,兀賮睾丕賳爻鬲丕賳	
ai,6,丕賱噩丿賱賷鬲賷賳	
ai,13,賲鬲賯丕乇亘賷賳	
ai,13,賲鬲賲丕孬賱賷賳	
ai,5,丨爻賾丕賳	
ai,2,丕賱禺賱賾丕賳	
ai,1,賵丕賱賷賯賷賳	
ai,2,丕賱禺賱丕賳	
ai,2,廿鬲賷丕賳	
ai,9,丕賱賮賳賷賳	
ai,9,賯夭賲丕賳	
ai,5,廿丨爻丕賳	
ai,5,爻亘毓賷賳	
ai,6,賱賴匕賷賳	
ai,10,丕賱卮賰賱賷賳	
ai,8,丕賱卮毓乇賷賷賳	
ai,5,賵賮賳丕賳賷賳	
ai,6,賲鬲丨囟乇賷賳	
ai,2,賱鬲賱賯賷賳	
ai,3,丕賱賴丿賮賷賳	
ai,6,丕賱賮毓賾丕賱賷賳	
ai,6,賱賱賱丕毓亘賷賳	
ai,1,賵丕賱賲孬賯賮賷賳	
ai,2,鬲卮賰賾賱丕賳	
ai,2,丕賱賱賾鬲賷賳	
ai,2,鬲卮賰賱丕賳	
ai,2,丕賱賯乇賷賵丕賷賳	
ai,1,丕賱兀禺賷乇鬲賷賳	
ai,4,賵丌賱丕賳	
ai,1,兀賱丕賳	
ai,2,丕賱丿賮鬲乇賷賳	
ai,8,丕賱丿賮鬲乇丕賳	
ai,6,賵兀賱丕賳	
ai,2,丕賱賷賲賳賷賷賳	
ai,2,丿乇丕爻鬲賷賳	
ai,2,乇賵丕賷鬲賷賳	
ai,2,鬲胤亘賷賯賷鬲賷賳	
ai,5,丕賱廿賯賱賷賲賷鬲賷賳	
ai,4,兀氐賱賷鬲賷賳	
ai,4,鬲毓鬲亘乇丕賳	
ai,4,丕賱乇鬲亘鬲賷賳	
ai,4,丕賱賰賮丕賷鬲賷賳	
ai,4,賳賴噩賷賳	
ai,4,丕賱鬲乇鬲賷亘賷賳	
ai,7,賷爻丕毓丿丕賳	
ai,1,賱賱丌禺乇賷賳	
ai,3,賱賱毓丕賱賲賷賳	
ai,2,賲毓丕賷賷賳	
ai,1,賵丕賱賲爻鬲賲毓賷賳	
ai,3,賵賲毓丕賳	
ai,3,丕賱兀賵胤丕賳	
ai,3,丕賱丨賳賷賳	
ai,2,兀爻丕胤賷賳	
ai,4,賲丐爻爻賷賳	
ai,5,亘賴丕鬲賷賳	
ai,5,丕賱鬲丕賱賷賷賳	
ai,5,丕賱馗丕賴乇鬲丕賳	
ai,8,賷乇鬲亘胤丕賳	
ai,5,丕賱賲鬲賮乇噩賷賳	
ai,5,賲爻乇丨賷賷賳	
ai,5,賲禺乇噩賷賳	
ai,3,丕賱賲爻乇丨賷賷賳	
ai,6,賱賱賲乇亘賷賳	
ai,4,賵丕賱賲丨賰賵賲賷賳	
ai,1,賱賱亘賱丕睾賷賷賳	
ai,4,賵丕賱毓賷賳	
ai,3,賵丕賱丕爻鬲亘賷丕賳	
ai,3,賰夭賲丕賳	
ai,2,賰賲賰丕賳	
ai,2,丕賱兀噩賱賷賳	
ai,4,丕賱兀賲丿賷賳	
ai,3,賵丕賱夭賷乇賷賷賳	
ai,5,丕賱毓賳氐乇賷賳	
ai,7,丕賱賲卮鬲乇賰賷賳	
ai,7,丕賱賲鬲毓丕賲賱賷賷賳	
ai,7,賵賷爻鬲毓賷賳	
ai,5,賵丕賱賲毓賳賷賷賳	
ai,7,丕賱賲鬲亘丕賷賳	
ai,3,丕賱賲卮丕賴丿賷賳	
ai,1,丕賱賲丨亘賵爻賷賳	
ai,2,丨丿賷孬鬲賷賳	
ai,2,賰鬲賯賳賷鬲賷賳	
ai,4,丕賱賲爻丕噩賷賳	
ai,4,丕賱賲丿丕賳賷賳	
ai,1,廿毓賱丕賳	
ai,3,丕賱兀賱賲丕賳賷丕賳	
ai,3,丕賱賮賷賱爻賵賮丕賳	
ai,4,賵賷卮賰賱丕賳	
ai,4,丕賱賮囟丕亍賷賳	
ai,12,丕賱賰賱賲鬲賷賳	
ai,12,鬲毓亘賷乇賷賷賳	
ai,12,卮賰賱賷賳	
ai,3,賷爻鬲禺丿賲丕賳	
ai,5,賵賷毓賲賱丕賳	
ai,5,賲鬲賰丕賲賱丕賳	
ai,5,丕賱乇卅賷爻賷丕賳	
ai,5,丕賱賮囟丕亍丕賳	
ai,1,亘丕賱亘胤賱丕賳	
ai,4,賲賲丕乇爻賷賳	
ai,7,丕賱亘丿賷賱賷賳	
ai,3,廿賷胤丕賱賷賷賳	
ai,4,賵丕賱賲噩乇賲賷賳	
ai,4,丕賱賱丕夭賲賷賳	
ai,4,賵丕賱卮乇胤賷賳	
ai,2,丕賱賲賳賯匕賷賳	
ai,3,賵賱囟賲丕賳	
ai,3,賱賱賲賳賯匕賷賳	
ai,7,丕賱丕賯鬲氐丕丿賷賷賳	
ai,11,亘廿毓賱丕賳	
ai,11,丕賱賲鬲賳丕賮爻賷賳	
ai,2,賵丕賱丨賳賷賳	
ai,3,丕賱賲鬲賯丕囟賷賳	
ai,4,亘廿賲賰丕賳	
ai,10,丕賱毓賲賵賲賷賷賳	
ai,5,丕賯鬲氐丕丿賷鬲賷賳	
ai,5,兀夭賲鬲賷賳	
ai,6,丕賱噩丕賲毓賷賷賳	
ai,4,賳丕鬲噩鬲賷賳	
ai,1,丕賱賵丕賱丿賷賳	
ai,2,丕賱毓丕賱賲賷賷賳	
ai,8,丕賱胤亘賷賷賳	
ai,8,丕賱賲賴賳賷賷賳	
ai,4,賲氐賱丨鬲賷賳	
ai,4,賱賱賲賰賱賮賷賳	
ai,3,丕賱賲丿賷賳賷賳	
ai,6,賱賱賲丿乇亘賷賳	
ai,6,丕賱賲賳鬲爻亘賷賳	
ai,4,賱賱兀爻賱賵亘賷賷賳	
ai,2,賵丕賱賲鬲毓丕賲賱賷賳	
ai,3,賵丕賱賲爻丕賴賲賷賳	
ai,1,賵賱丕賰丕賳	
ai,5,丕賱亘賷丿丕睾賵噩賷賷賳	
ai,10,丕賱賲賷夭丕賳賷賳	
ai,2,賷鬲亘賷賳	
ai,3,賲爻鬲賳丿賷賳	
ai,1,亘丕賱賲丨丕賲賷賳	
ai,4,丕賱賲丨丕賲賷賳	
ai,3,廿胤丕乇賷賳	
ai,3,賵丕賱鬲毓賷賷賳	
ai,6,丕賱賲禺鬲乇毓賷賳	
ai,7,丕賱丨賷賳	
ai,7,丕賱賲鬲賯丕毓丿賷賳	
ai,2,賱賱毓賳丕賵賷賳	
ai,2,賵丕賱毓賳丕賵賷賳	
ai,6,丕賱賲鬲賲賷夭賷賳	
ai,6,丕賱賯賷丕爻賷賳	
ai,4,賵賷鬲毓賷賳	
ai,4,丕賱賷賲賷賳	
ai,4,賱賱乇賵丕賷鬲賷賳	
ai,8,賵廿賷乇丕賳	
ai,8,賲毓爻賰乇賷賳	
ai,6,賲禺鬲丕乇鬲賷賳	
ai,3,丕賱賲丕賱賰賷賳	
ai,2,賵丕賱賲亘鬲丿卅賷賳	
ai,2,賵丕賱賲鬲噩乇丿賷賳	
ai,3,賵丕賱賲丿丕賳賷賳	
ai,4,賲毓賷賳賷賳	
ai,4,賲賳鬲禺亘賷賳	
ai,4,賲賵馗賮賷賳	
ai,2,丕賱毓丕賲賷賳	
ai,4,賯賷丕爻賷賳	
ai,1,丕賱丿賵賱賷賷賳	
ai,4,賱賱亘乇賱賲丕賳賷賷賳	
ai,6,禺丕囟毓賷賳	
ai,3,丕賱兀賰爻噩賷賳	
ai,1,丕賱噩丕賳丨賷賳	
ai,3,丨乇賲丕賳	
ai,3,賱賱丨乇賲丕賳	
ai,3,丕賱賲夭賵乇賷賳	
ai,8,丕賱賲賵孬賯賷賳	
ai,3,丕賱夭賵乇賷賳	
ai,9,賱賱賲賵孬賯賷賳	
ai,9,丕賱賲鬲賵乇胤賷賳	
ai,9,毓賲賵賲賷賷賳	
ai,9,賰賲賵馗賮賷賳	
ai,5,賷賵丕噩賴丕賳	
ai,4,賵丕賱賲鬲丨賰賲賷賳	
ai,4,丕賱賲鬲賲賰賳賷賳	
ai,6,丕賱賯丕丿乇賷賳	
ai,1,賱賱毓匕乇賷賷賳	
ai,2,賳賯賷囟賷賳	
ai,2,亘丕賱賲爻鬲賴賱賰賷賳	
ai,4,鬲乇亘賵賷賷賳	
ai,5,丕爻鬲亘賷丕賳賷賳	
ai,2,丕賱賮賰乇賷賷賳	
ai,7,丕賱廿爻賰丕賳	
ai,7,丕賱賲胤賵乇賷賳	
ai,4,賵丕賱賱噩丕賳	
ai,4,亘丕賱賱噩丕賳	
ai,7,丕賱賱噩丕賳	
ai,13,賮丕毓賱賷賳	
ai,13,丕賱兀爻丕爻賷鬲賷賳	
ai,13,丕賱乇賰賷夭鬲賷賳	
ai,1,丕賱賲鬲爻亘亘賷賳	
ai,6,丕賱賷賯賷賳	
ai,2,丕賱氐丨賮賷賷賳	
ai,2,丕賱賲丨乇乇賷賳	
ai,3,丕賱賲購爻賱賲賷賳	
ai,5,丕賱廿毓賱丕賲賷賷賳	
ai,5,賱賱賲賳鬲噩賷賳	
ai,5,賱賲囟丕賲賷賳	
ai,5,賵丕賱賱丕毓亘賷賳	
ai,5,丕賱賲鬲丕亘毓賷賳	
ai,5,賱賱賲卮丕賴丿賷賳	
ai,8,賱賱賲鬲賮乇噩賷賳	
ai,7,賵丕賱賲鬲丕亘毓賷賳	
ai,4,賱賱賲毓賳賷賷賳	
ai,2,賵丕賱賲賴賲卮賷賳	
ai,4,賷毓丕賳賷賳	
ai,3,爻乇賷丕賳	
ai,5,丕賱兀毓賵丕賳	
ai,5,賵賱亘賳丕賳	
ai,5,賲丿乇爻鬲賷賳	
ai,5,賵丕爻毓賷賳	
ai,4,丕賱賲乇爻賵賲賷賳	
ai,2,丕賱賲丿禺乇賷賳	
ai,2,賵丕賱賲丿賷賳	
ai,5,亘丕爻鬲亘賷丕賳	
ai,6,賱賱賲禺乇噩賷賳	
ai,5,賵氐丨丕賮賷賷賳	
ai,5,爻賷丕爻賷賷賳	
ai,7,賷賲賳丨丕賳	
ai,2,亘丕賱廿賳爻丕賳	
ai,4,賵丕賱廿毓賱丕賲賷賷賳	
ai,4,賵丕賱賲賵丕胤賳賷賳	
ai,4,賲鬲乇丕亘胤丕賳	
ai,7,賵賲丨賱賱賷賳	
ai,4,丕賱賳丕卮胤賷賳	
ai,6,丕賱賲丨鬲乇賮賷賳	
ai,6,賵賲卮鬲乇賰賷賳	
ai,6,賳丕卮胤賷賳	
ai,4,丕賱丨賰賵賲賷賷賳	
ai,4,廿毓賱丕賲賷賷賳	
ai,5,賵丕賱賯丕氐乇賷賳	
ai,10,亘爻賱胤丕賳	
ai,10,丕賱亘丕丨孬鬲丕賳	
ai,5,賲卮丕賴丿賷賳	
ai,5,丕賱賲賵囟賵毓賷賷賳	
ai,5,賵賲鬲毓丕賲賱賷賳	
ai,3,賵廿毓賱丕賲賷賷賳	
ai,8,丕賱賳卮胤賷賳	
ai,1,賵丕賱賲禺丕賱賮賷賳	
ai,3,鬲賷賯賳鬲賵乇賷賳	
ai,3,兀爻亘賵毓賷賳	
ai,4,丕賱毓賲賱賷鬲賷賳	
ai,3,賲賳爻賯賷賳	
ai,2,丕賱賲禺賱氐賷賳	
ai,2,賱賱噩賳賷賳	
ai,2,丕賱噩賳賷賳	
ai,4,亘丕丨孬丕賳	
ai,9,賲丐賲賳賷賳	
ai,1,丕賱賲丨鬲賲賱賷賳	
ai,7,賱賱賲丕丿鬲賷賳	
ai,7,爻賱胤鬲丕賳	
ai,2,丕賱卮乇毓賷賷賳	
ai,2,賵丕賱廿毓賱丕賳	
ai,3,丕賱賯丕氐乇賷賳	
ai,7,賱賱賵丕賱丿賷賳	
ai,3,丕賱乇卅賷爻丕賳	
ai,3,丕賱爻亘亘丕賳	
ai,3,丕賱胤亘賷毓賷賷賳	
ai,2,賱賱兀乇賰丕賳	
ai,3,卮賯賷賳	
ai,1,賵丕賱賲丨賷胤賷賳	
ai,5,亘丕賱亘丕丨孬賷賳	
ai,4,亘丕賱夭賵噩賷賳	
ai,1,丕賱賱丕丨賯賷賳	
ai,2,賵乇賴丕賳	
ai,8,賱賱夭賵噩賷賳	
ai,12,賵丕賱亘乇賱賲丕賳	
ai,6,丕賱夭丕賳賷賷賳	
ai,3,賲丿賲噩賷賳	
ai,7,丕賱賲賳丕爻亘賷賳	
ai,2,丕賱廿丿賲丕賳	
ai,3,賱賱賲賴賳賷賷賳	
ai,9,賵丕賱丕卅鬲賲丕賳	
ai,4,賲鬲睾賷乇賷賳	
ai,7,賵賱噩丕賳	
ai,5,賱賱亘乇賱賲丕賳	
ai,3,乇賲囟丕賳	
ai,2,賲賷丿丕賳賷賷賳	
ai,2,賱賱禺乇賷噩賷賳	
ai,2,賲鬲賵丕夭賷丕賳	
ai,2,賳賲胤丕賳	
ai,2,賱賱賲爻乇丨賷賷賳	
ai,4,賵丕賱氐丨賮賷賷賳	
ai,7,丕賱賮賱爻賮賷賷賳	
ai,3,賵丕賱賷賵賳丕賳賷賷賳	
ai,4,丨賷丕賳	
ai,1,廿賲賰丕賳	
ai,1,賵丨賳丕賳	
ai,2,賰丕賮賷賷賳	
ai,4,賱賱毓丿賵丕賳	
ai,4,賱賱賷賯賷賳	
ai,3,賮賷鬲丕賲賷賳	
ai,2,丕賱丨噩丕乇賷賳	
ai,2,丕賱賳丨丕鬲賷賳	
ai,1,丕賱丨噩賾丕乇賷賳	
ai,2,賵丕賱鬲丨氐賷賳	
ai,5,丕賱鬲丨氐賷賳	
ai,8,丕賱賲賳胤賯鬲賷賳	
ai,4,亘鬲亘丕賷賳	
ai,10,賲禺鬲丕乇賷賳	
ai,10,賱兀毓賷丕賳	
ai,10,賵丿賷丕賳	
ai,3,賵兀丿丕鬲賷賳	
ai,2,丕賱賲賳賴丕噩賷賷賳	
ai,3,賵丕賱囟賲丕賳	
ai,5,丕禺鬲亘丕乇賷賳	
ai,4,賱賱兀賰丕丿賷賲賷賷賳	
ai,7,丕賱胤賷乇丕賳	
ai,15,賵賲丨賱賷賷賳	
ai,15,賵廿賯賱賷賲賷賷賳	
ai,15,丿賵賱賷賷賳	
ai,11,賵丕賱鬲兀賲賷賳	
ai,5,賵丕賱賲爻鬲囟毓賮賷賳	
ai,5,賵丕賱賲賯賴賵乇賷賳	
ai,5,賱賱賲賳賮賷賷賳	
ai,5,賱賱賲馗賱賵賲賷賳	
ai,11,丕賱毓丿賵丕賳賷賷賳	
ai,6,丕賱賲賳亘賵匕賷賳	
ai,6,丕賱賲馗賱賵賲賷賳	
ai,4,賵丕賱賲乇卮丿賷賳	
ai,4,丕賱賲乇賷囟鬲賷賳	
ai,4,賵丕賱賮賯丿丕賳	
ai,5,丕賱賲丨鬲丕噩賷賳	
ai,3,賱丨丕賱鬲賷賳	
ai,6,賵丕賱兀賯乇丕賳	
ai,10,賱賱賳丕卮卅賷賳	
ai,1,鬲賱毓亘丕賳	
ai,5,賱賷賲丕賳	
ai,2,賲賵丕夭賷賳	
ai,5,丕賱丌賱賷鬲賷賳	
ai,5,賵爻賷賱鬲賷賳	
ai,4,賳爻亘賷丕賳	
ai,4,賲賮賴賵賲丕賳	
ai,4,毓丕賳賷賳	
ai,3,賳爻亘賷賷賳	
ai,3,丕賱賲鬲賳丕馗乇賷賳	
ai,4,丕賱賲鬲丨丕賵乇賷賳	
ai,6,兀毓賵丕賳	
ai,3,丕賱鬲噩乇亘鬲賷賳	
ai,3,賱賱鬲噩乇亘鬲賷賳	
ai,5,亘丕賱兀賲丕賳	
ai,2,亘鬲囟賲賷賳	
ai,8,丕賱賲爻鬲毓丿賷賳	
ai,9,丕賱賲卮乇賮賷賳	
ai,12,丕賱賲賳賮匕賷賳	
ai,6,賮丕賱丿賷賳	
ai,3,丕賱賲爻鬲囟毓賮賷賳	
ai,3,丕賱賲乇丕噩毓賷賳	
ai,9,亘丕賱賲毓丕賯賷賳	
ai,2,丕賱卮乇賰鬲賷賳	
ai,2,賱賱卮乇賰鬲賷賳	
ai,3,丕賱賲禺鬲丕乇賷賳	
ai,6,鬲爻丕賴賲丕賳	
ai,9,鬲毓賲賱丕賳	
ai,3,賵丕賱亘丨乇賷賳	
ai,6,賱兀毓賵丕賳	
ai,4,賲氐丕亘賷賳	
ai,6,丌賱賷鬲賷賳	
ai,6,賵丕賱爻賷丕爻賷賷賳	
ai,7,兀賵夭賰丕賳	
ai,3,丕賱賲賵賱賵丿賷賳	
ai,6,丕賱賲賰賮賵賮賷賳	
ai,3,賵丕賱禺乇賷噩賷賳	
ai,9,丕賱賲亘氐乇賷賳	
ai,6,丕賱賳丕卮卅賷賳	
ai,4,賵丕賱鬲賯賳賷賷賳	
ai,6,賵丕賱賮賳賷賷賳	
ai,6,丕賱賲乇賰夭賷賳	
ai,3,賷賲孬賾賱丕賳	
ai,4,丕賱賲丨乇賵賲賷賳	
ai,7,丕賱兀賲乇賷賰賷鬲賷賳	
ai,7,丕賱賲丐爻爻鬲賷賳	
ai,7,兀噩賳亘賷鬲賷賳	
ai,7,賳賮胤賷鬲賷賳	
ai,7,賵賲丐爻爻鬲賷賳	
ai,4,賵丕孬賳鬲賷賳	
ai,6,丕賱兀噩賳亘賷鬲丕賳	
ai,6,丕賱賲丐爻爻鬲丕賳	
ai,2,賵賲丐卮乇賷賳	
ai,2,丕賱丕鬲噩丕賴賷賳	
ai,2,賵丕賱廿丨爻丕賳	
ai,7,賱賱賲乇丕噩毓賷賳	
ai,4,丕賱丨賷賵丕賳	
ai,3,賵丕賱鬲禺夭賷賳	
ai,7,賵禺賲爻賷賳	
ai,5,賲鬲賰丕賮卅鬲賷賳	
ai,3,丕賱兀爻賱賵亘賷賳	
ai,6,賵丕賱鬲囟賲賷賳	
ai,7,丕賱賲丿乇亘賷賳	
ai,11,賱賱乇賷丕囟賷賷賳	
ai,8,毓賷賳鬲賷賳	
ai,3,賰賵亘乇鬲丕賳	
ai,4,丕賱丿丕毓賲賷賳	
ai,4,丕賱賲爻鬲噩賷亘賷賳	
ai,3,丕賱兀毓賷賳	
ai,2,賲卮丕乇賰賷賳	
ai,9,孬賲賷賳	
ai,10,賱賱賲乇亘賷賷賳	
ai,4,賵丕賱賲乇丕賳	
ai,7,丕賱賲匕賴亘賷賷賳	
ai,5,毓丕丿賷賷賳	
ai,4,丕賱賲丨賰賲鬲賷賳	
ai,2,丕賱賲丨丕賰賲鬲賷賳	
ai,6,賲胤賱亘賷賳	
ai,3,丕賱賲購丿乇賾爻賷賳	
ai,6,賰毓賳氐乇賷賳	
ai,4,丕賱賲賵丿毓賷賳	
ai,11,賱賱賲賵丿毓賷賳	
ai,11,賵丕賱賲賵丿毓賷賳	
ai,1,賵丕賱乇囟賵丕賳	
ai,12,丕賱賲購賴噩賾乇賷賳	
ai,4,賵丕賱賲噩鬲賴丿賷賳	
ai,7,丕賱賲賴噩乇賷賳	
ai,10,丕賱賲賴噩賾乇賷賳	
ai,9,丕賱鬲丨賱賷賱賷賳	
ai,9,丕賱廿丨氐丕卅賷鬲賷賳	
ai,4,賵鬲賯賳賷賳	
ai,5,丕賱乇卅鬲賷賳	
ai,5,丕賱賲鬲賵賮賷賳	
ai,5,丕賱賲鬲亘乇毓賷賳	
ai,5,賲鬲亘乇毓賷賳	
ai,4,亘丕賱噩賳賷賳	
ai,10,賵丕賱賲鬲賱賯賷賳	
ai,1,賵丕賱廿丿賲丕賳	
ai,8,賵丕賱爻賱胤丕賳	
ai,6,丕賱賯丕卅賱賷賳	
ai,5,丕賱賲賮賴賵賲丕賳	
ai,8,賮毓丕賱鬲賷賳	
ai,8,賰賵爻賷賱鬲賷賳	
ai,2,賴丿賮賷賳	
ai,1,賵丕賱乇賷丨丕賳	
ai,2,賵丕賱乇賾賽賷丨丕賳	
ai,2,賵丕賱胤丕賲丨賷賳	
ai,2,賱賱爻丕賰賳賷賳	
ai,4,賱賱賯胤丕毓賷賳	
ai,3,賱賱賯丕卅賲賷賳	
ai,3,賱賱賲禺鬲氐賷賳	
ai,6,賱賱賲鬲兀孬乇賷賳	
ai,6,丕賱毓氐賷丕賳	
ai,3,賱賱亘胤丕賱賷賳	
ai,3,丕賱亘胤丕賱賷賳	
ai,7,賲賴賳賷賷賳	
ai,5,賵丕賱賮賰乇賷賳	
ai,3,丕賱賲丿賯賯賷賳	
ai,3,丌賱丕賳	
ai,3,丕賱賲亘鬲賰乇賷賳	
ai,7,賵兀賱亘丕賳	
ai,7,賲購毓鬲賲丿賷賳	
ai,8,賵丕賱氐賷賳	
ai,8,丕賱賳賴乇賷賳	
ai,5,賱賱爻賱丕胤賷賳	
ai,4,丕賱賵噩賴鬲賷賳	
ai,3,乇賷丕賱賷賳	
ai,19,賵丕賱氐賱賷亘賷賳	
ai,19,丕賱氐賱賷亘賷賳	
ai,19,丕賱兀乇孬賵匕賰爻賷賷賳	
ai,6,賲賰賲賱賷賳	
ai,6,賰賮乇毓賷賳	
ai,6,賵廿賳鬲丕噩賷賷賳	
ai,6,丿賷賳丕賲賷賰賷賷賳	
ai,2,賱賱賮賱賷賳	
ai,9,亘丕賱賲賳胤賯鬲賷賳	
ai,3,賵丕賱賲丨賰賲賷賳	
ai,4,丕賱賲賴丕賳賷賳	
ai,4,丕賱賲賴丕賳	
ai,7,賲亘丿兀賷賳	
ai,11,賲賳胤賱賯賷賳	
ai,3,賰廿賷賲丕賳	
ai,3,賵丕賱賲丐賱賮賷賳	
ai,5,丕賱賲爻鬲賯亘賱賷賷賳	
ai,18,賲鬲丿丕禺賱丕賳	
ai,18,賲賵囟賵毓丕賳	
ai,3,毓丕胤賱賷賳	
ai,8,賵丕賱賲丨賱賱賷賳	
ai,4,丕爻鬲毓丕賳	
ai,4,賵亘丕賱廿賲賰丕賳	
ai,4,賲鬲賯丕胤毓賷賳	
ai,4,賲鬲賳丕賮爻丕賳	
ai,4,賲噩丕賱丕賳	
ai,9,丕賱丕鬲夭丕賳	
ai,5,丕賱卮毓亘鬲賷賳	
ai,13,丕賱賲鬲睾賷乇鬲賷賳	
ai,5,賵丕賱賲卮睾賱賷賳	
ai,5,丕賱賲毓鬲賲丿賷賳	
ai,5,丕賱丕禺鬲亘丕乇賷賳	
ai,8,賱賱賲鬲睾賷乇賷賳	
ai,8,丕賱鬲胤亘賷賯賷賳	
ai,8,丕賱丨爻丕亘賷賷賳	
ai,8,丕賱賲鬲賵爻胤賷賳	
ai,3,賵丕孬賳賷賳	
ai,3,賲丕卅鬲賷賳	
ai,5,賱賱亘賱丿賷賳	
ai,3,丕賱賲鬲賰丕賮卅鬲賷賳	
ai,3,亘丕賱賲噩賲賵毓鬲賷賳	
ai,5,丕賱賲鬲爻丕賵賷鬲賷賳	
ai,5,丕賱毓賷賳鬲賷賳	
ai,10,賵丌禺乇賷賳	
ai,3,亘丕賱毓丕賲賱賷賳	
ai,1,賵賱鬲丨爻賷賳	
ai,10,賱賱賲噩賲賵毓鬲賷賳	
ai,3,囟乇賵乇賷賷賳	
ai,3,賰毓丕賲賱賷賳	
ai,2,爻亘賷乇賲丕賳	
ai,5,爻亘賷賷乇賲丕賳	
ai,3,丕賱廿鬲賯丕賳	
ai,3,卮賴乇賷賳	
ai,3,賲爻噩賱賷賳	
ai,7,賵鬲亘丕賷賳	
ai,6,丕賯鬲氐丕丿賷賷賳	
ai,6,賵丕賱賲鬲賮賵賯賷賳	
ai,10,亘丕賱賲賵賴賵亘賷賳	
ai,7,賵丕賱賲鬲賲賷夭賷賳	
ai,3,丕賱丿賵乇丕賳	
ai,3,亘毓丿賷賳	
ai,2,賲鬲乇亘氐賷賳	
ai,6,賲鬲丿乇亘賷賳	
ai,7,丕賱賯丕亘賱賷賳	
ai,7,賲鬲爻丕賵賷鬲賷賳	
ai,8,賵賲鬲賰丕賮卅鬲賷賳	
ai,7,賵丕賱賲賯丕亘賱賷賳	
ai,2,噩賵賱賲丕賳	
ai,2,賮賰丕賳	
ai,6,賷賵賳噩賲丕賳	
ai,11,夭賯丕賳	
ai,4,賵丕賱賯乇賳賷賳	
ai,6,賱賱賲賳賮匕賷賳	
ai,7,賷毓亘乇丕賳	
ai,10,賷丐丿賷丕賳	
ai,2,賵丕賱噩賳爻賷賳	
ai,7,賱賱賲賳賴噩賷鬲賷賳	
ai,4,賲賳賴噩賷賳	
ai,7,鬲氐賲賷賲賷賳	
ai,5,賲賴丕乇鬲賷賳	
ai,7,賵賲鬲噩丕賳爻鬲賷賳	
ai,8,丕賱鬲睾賷乇丕賳	
ai,5,賱賷賵賳噩賲丕賳	
ai,7,賱賷賵賳睾賲丕賳	
ai,6,乇賷賮賷賳	
ai,2,亘賳賷賳	
ai,2,賵丕賱廿爻賰丕賳	
ai,2,丕賱賲賳丕賴噩賷賳	
ai,4,賲禺鬲賱賮鬲賷賳	
ai,4,賲賳胤賯鬲賷賳	
ai,9,賲鬲賵爻胤鬲賷賳	
ai,5,丕賱賲毓賲丕乇賷賷賳	
ai,5,丕賱賲賴賳丿爻賷賳	
ai,1,亘丕賱毓賲乇丕賳	
ai,4,賲爻鬲賯賱鬲賷賳	
ai,4,賱毓賷賳鬲賷賳	
ai,4,賵賲丕賰賱丕賳	
ai,3,亘丕賱賲鬲禺氐氐賷賳	
ai,7,丕賱氐丨賷賮鬲賷賳	
ai,7,丕賱賲賳氐乇賷賳	
ai,7,丕賱氐丨賷賮鬲丕賳	
ai,3,乇丕卅丿鬲賷賳	
ai,3,賰賷賮賷鬲賷賳	
ai,5,賲丨丿賵丿丕賳	
ai,8,賷鬲賷丨丕賳	
ai,3,丕賱丨囟乇賷賷賳	
ai,7,丕賱賮丕爻丿賷賳	
ai,7,賱賱氐丨賮賷賷賳	
ai,7,丕賱氐丨丕賮賷賷賳	
ai,5,毓丕賱賲賷賷賳	
ai,5,賲賵丕胤賳賷賳	
ai,7,賲賮鬲賷賳	
ai,2,丕賱丕賮鬲乇丕囟賷賷賳	
ai,2,賱賱賲噩乇賲賷賳	
ai,2,鬲賷睾賳鬲賵乇賷賳	
ai,5,賵丕賱胤亘賷賷賳	
ai,2,丕賱賲鬲胤乇賮賷賳	
ai,3,丕禺鬲氐丕氐賷賷賳	
ai,3,賵丕賱賲賳囟賲賷賳	
ai,6,丕賱氐丨賷賷賳	
ai,6,賵丕賱賲鬲亘乇毓賷賳	
ai,6,賵丕賱賲爻鬲賮賷丿賷賳	
ai,5,賵丕賱賲鬲賱賯賷賷賳	
ai,1,丕賱賲賯丕鬲賱賷賳	
ai,2,賵丕賱賯丕賳賵賳賷賷賳	
ai,5,孬賷賳	
ai,3,丕賱噩賷乇丕賳	
ai,8,丕賱丕賳爻丕賳	
ai,2,賲丨丿賵丿賷賳	
ai,2,賵賲丕乇鬲賷賳	
ai,5,丿賵乇丕賳	
ai,8,丕賱爻丕卅賯賷賳	
ai,1,丕賱賲乇賵噩賷賳	
ai,1,丕賱賲丕賵丕乇丕噩賵丿乇丕賳	
ai,4,丕賱噩丿乇丕賳	
ai,3,丕賱賯囟賷鬲賷賳	
ai,3,賱賵賷賳	
ai,1,賲鬲賵丕氐賱賷賳	
ai,1,賲夭賵丿賷賳	
ai,6,丕賱賮丕鬲丨賷賳	
ai,2,賵賲丿乇爻賷賳	
ai,5,丕賱賱丕賷賯賷賳	
ai,5,賰賵賳賷鬲賷賳	
ai,5,丨乇亘賷賳	
ai,2,賳丕丨賷鬲賷賳	
ai,2,夭丕賵賷鬲賷賳	
ai,2,賵丕賱賱丕賷賯賷賳	
ai,7,賵兀賮睾丕賳爻鬲丕賳	
ai,7,丕賱賯胤亘賷賳	
ai,7,丕賱胤睾賷丕賳	
ai,6,毓丕賱賲賷鬲賷賳	
ai,5,丕賱亘賷鬲賰賵賷賳	
ai,2,廿丿賲丕賳	
ai,2,亘廿丿賲丕賳	
ai,2,賷賯胤賷賳	
ai,4,夭賷丿丕賳	
ai,3,賵夭賷丿丕賳	
ai,3,丕賱賲匕賰賵乇鬲賷賳	
ai,10,賵氐丨賮賷賷賳	
ai,10,乇賷丕囟賷賷賳	
ai,10,賲丨賱賱賷賳	
ai,5,丕賱廿賮乇賷賯賷賷賳	
ai,3,丕賱賲卮噩毓賷賳	
ai,5,噩夭卅賷賳	
ai,9,丕賱兀賵賱賲亘賷賷賳	
ai,2,乇賰賳賷賳	
ai,8,賵賰賷丕賳	
ai,4,賲鬲賵丕夭賷賷賳	
ai,4,賳氐賷賳	
ai,3,賲賯丕乇賳鬲賷賳	
ai,2,胤睾賷丕賳	
ai,2,賷鬲賮丕毓賱丕賳	
ai,4,丕賱賲毓噩亘賷賳	
ai,3,賷購馗賴乇丕賳	
ai,3,丕賱胤丕卅賮鬲賷賳	
ai,5,賵丕賱丨丿賷孬賷賳	
ai,5,賷購爻鬲毓賷賳	
ai,5,賱賱胤丕卅賮鬲賷賳	
ai,5,賵丕賱賲毓丕乇囟賷賳	
ai,5,丕賱賲丐賷丿賷賳	
ai,5,丕賱賲鬲毓丕乇囟鬲賷賳	
ai,2,賵丕毓賷賷賳	
ai,3,賷氐亘丨丕賳	
ai,11,賲賵賴賵亘賷賳	
ai,11,賲丿乇亘賷賳	
ai,4,丕賱賯氐賾丕氐賷賳	
ai,1,賵丕毓賱丕賳	
ai,7,丕賱兀夭賲鬲丕賳	
ai,2,賵丕賱賲卮鬲睾賱賷賳	
ai,5,賵賲賷賱丕賳	
ai,3,賵丕賱亘賱丕睾賷賷賳	
ai,1,賮卅鬲賷賳	
ai,5,鬲丿乇賷亘賷鬲賷賳	
ai,6,丕賱賲噩丿丿賷賳	
ai,6,毓氐賷丕賳	
ai,5,爻賱胤鬲賷賳	
ai,6,賱爻賱胤鬲賷賳	
ai,5,丕賱鬲毓亘賷乇賷賳	
ai,8,丕賱夭噩丕賱賷賳	
ai,3,丕賱禺丕賱丕賳	
ai,3,賱賵鬲賲丕賳	
ai,6,賵丕賱鬲亘丕賷賳	
ai,7,丕賱廿爻賲丕毓賷賱賷賷賳	
ai,4,賲乇丨賱鬲賷賳	
ai,6,賮鬲乇鬲賷賳	
ai,10,賱賱賵噩丿丕賳	
ai,10,賵丕賱賯亘賷賱鬲賷賳	
ai,1,鬲丨氐賷賳	
ai,3,賳賵毓丕賳	
ai,2,丿乇噩鬲賷賳	
ai,4,賷鬲禺匕丕賳	
ai,2,賷丿賷賳	
ai,12,賵丕賱賳丕賯丿賷賳	
ai,12,丕賱賳丕賯丿賷賳	
ai,12,亘丕賱鬲囟賲賷賳	
ai,5,丕賱賱爻丕賳賷賷賳	
ai,5,賲毓鬲亘乇賷賳	
ai,2,賵賱鬲賲賰賷賳	
ai,4,噩亘賱賷賳	
ai,5,賱賱賲囟丕賲賷賳	
ai,2,賱廿鬲賯丕賳	
ai,1,亘賷乇賲賱丕賳	
ai,4,丕賱賲爻鬲賲毓賷賳	
ai,4,噩夭兀賷賳	
ai,2,丕亘鬲丿丕卅賷鬲賷賳	
ai,3,賵賱丕賷鬲賷賳	
ai,14,賵丕賱毓丿賵丕賳	
ai,2,賵丕賱丕賲賰丕賳	
ai,3,亘丕賱禺丕囟毓賷賳	
ai,7,丕賱賲丕賱賷鬲賷賳	
ai,7,丕賱兀丿丕鬲賷賳	
ai,2,賵丕賱丕胤賲卅賳丕賳	
ai,2,丕賱囟乇賵乇賷賷賳	
ai,7,賱賱賲賳馗賵乇賷賳	
ai,3,丕賱卮賴賷乇鬲賷賳	
ai,5,丕賱鬲賾賴噩賷賳	
ai,3,丕賱兀賲乇賷賳	
ai,4,噩丿賷丿賷賳	
ai,2,賷賯馗丕賳	
ai,5,丕賱鬲賯賱丿賷賷賳	
ai,2,賱鬲囟賲賷賳	
ai,5,賵丕賱乇丕噩賱賷賳	
ai,2,賷丨鬲丕噩丕賳	
ai,2,廿賷賲丕賳	
ai,11,丕賱賲氐丿乇賷賳	
ai,3,賲丕賱賷賷賳	
ai,6,丨賰賵賲賷賷賳	
ai,7,賲丨丕爻亘賷賳	
ai,4,賱賱賲丿賯賯賷賳	
ai,2,賵丕賱兀毓賵丕賳	
ai,6,亘丕賱丕爻鬲亘賷丕賳	
ai,6,丕賱賲卮賲賵賱賷賳	
ai,4,賵丕賱賲賳丕賮爻賷賳	
ai,3,兀爻丕爻賷賳	
ai,6,鬲購馗賴乇丕賳	
ai,11,賵賲氐賳毓賷賳	
ai,11,賵賲賵乇丿賷賳	
ai,11,爻乇毓丕賳	
ai,2,亘賷賷賳	
ai,5,丕賱爻賷丕丨賷賷賳	
ai,4,賵丕賱賲氐丿乇賷賳	
ai,4,丕賱賲賵乇丿賷賳	
ai,4,亘丕賱爻賵丿丕賳	
ai,3,噩賲賱鬲賷賳	
ai,3,亘丕賱賲賵馗賮賷賳	
ai,2,賰噩丕賳亘賷賳	
ai,3,賰亘毓丿賷賳	
ai,5,賵爻賰丕賳	
ai,3,丕賱爻賳鬲賷賳	
ai,7,亘賲丿賷賳	
ai,6,丕賱賲毓賷賳	
ai,5,賵丕賱鬲亘賷賷賳	
ai,3,賱賱賲丐賱賮賷賳	
ai,5,賵丕賱賲夭賵丿賷賳	
ai,2,丕賱賮賱丕丨賷賳	
ai,3,賵丕賱賲乇賯賷賳	
ai,3,丕賱賲鬲丿禺賱賷賳	
ai,10,賵丕賱爻賲丕賳賷賷賳	
ai,10,丕賱丿賵賱丞鬲賷賳	
ai,7,賱毓賯丿賷賳	
ai,6,賵丕賱賲禺胤胤賷賳	
ai,8,丕賱亘賳丕卅賷賳	
ai,4,賱賱亘賳丕卅賷賳	
ai,2,丕賱賮乇賳爻賷丕賳	
ai,2,丕賱賲卮乇賵毓丕賳	
ai,2,賵鬲孬賲賷賳	
ai,1,賵丕賱丨乇賲丕賳	
ai,2,亘胤賱丕賳	
ai,5,賱鬲毓賷賷賳	
ai,7,丨賰賲賷賳	
ai,7,丕賱鬲毓乇賷賮賷賳	
ai,8,賱賱賮丕毓賱賷賳	
ai,2,丕賱賲鬲賮丕毓賱賷賳	
ai,6,賱賱丨乇賮賷賷賳	
ai,6,丕賱丨乇賮賷賷賳	
ai,4,賵丕賱丨乇賮賷賷賳	
ai,6,賲乇鬲亘胤賷賳	
ai,3,丕賱爻乇賷賷賳	
ai,3,賱賱亘丕賱睾賷賳	
ai,9,丕賱鬲禺夭賷賳	
ai,3,賲鬲毓丕賲賱賷賳	
ai,2,賲爻賱胤賷賳	
ai,3,丕賱亘賷丕賳賷賷賳	
ai,1,賱賱丕賯鬲氐丕丿賷賷賳	
ai,3,賵賲毓丕氐乇賷賳	
ai,3,賲噩丕賴丿賷賳	
ai,7,丕賱賲毓賲乇賷賳	
ai,11,丕賱賰賷丕賳賷賳	
ai,15,丕賱賳丕賮丕乇賷賷賳	
ai,5,賰丕賱丿賷賳	
ai,3,賵丕賱賲丨丕囟乇賷賳	
ai,2,亘丕賱賲賵乇丿賷賳	
ai,10,賵賱丕毓亘賷賳	
ai,4,賵丕賱賲鬲丿丕賵賱賷賳	
ai,7,賵丕鬲夭丕賳	
ai,2,賱賱賮賱丕丨賷賳	
ai,10,賰毓賷賳	
ai,9,亘丕賱氐丨賮賷賷賳	
ai,4,賵丕賱賲鬲賰賱賲賷賳	
ai,7,賵乇丕睾亘賷賳	
ai,7,賵丕賱賯丕丿乇賷賳	
ai,13,丕賱賲鬲賰丕賲賱鬲賷賳	
ai,13,丕賱丨賯賱賷賳	
ai,2,賵丕賱賲購爻噩賱賷賳	
ai,2,丕賱賲爻乇丨賷賳	
ai,5,丕賱賲賯賷丕爻賷賳	
ai,5,乇卅賷爻賷丕賳	
ai,5,禺賷丕乇丕賳	
ai,1,賲丕夭丕賮乇丕賳	
ai,5,賱賷亘乇賲丕賳	
ai,5,噩賵賴乇賷丕賳	
ai,11,丕賱丨賯賷賳	
ai,11,丕賱賲鬲毓丕乇囟賷賳	
ai,11,丨賯賷賳	
ai,9,噩賵賴乇賷賷賳	
ai,5,賵賲鬲乇丕亘胤賷賳	
ai,5,賲賵囟賵毓賷賳	
ai,2,賷鬲噩賴丕賳	
ai,7,丕賱賲鬲賰丕賲賱賷賳	
ai,5,丕賱賲賴賲賷賳	
ai,9,賵丕賱賷丕亘丕賳	
ai,3,賵丕賱賲乇丕賴賯賷賳	
ai,4,丕賱鬲賵噩賴賷賳	
ai,2,賵鬲賱賯賷賳	
ai,4,囟乇賵乇賷丕賳	
ai,4,兀賲乇丕賳	
ai,8,丕賱亘乇賱賲丕賳賷賷賳	
ai,3,賵丕賱賲賯賷賲賷賳	
ai,1,丕賱廿乇賴丕亘賷賷賳	
ai,8,賵賳賯丕亘賷賷賳	
ai,6,丕賱賲鬲乇亘氐賷賳	
ai,7,賲鬲賳丕賯囟丕賳	
ai,7,丕鬲噩丕賴丕賳	
ai,5,賱賲噩賲賵毓鬲賷賳	
ai,5,丿賵賱鬲賷賳	
ai,2,賱賱賰賷丕賳	
ai,3,亘賲賵丕胤賳賷賳	
ai,5,亘丕賱賲賵丕胤賳賷賳	
ai,5,賲賯爻賲賷賳	
ai,3,賱賱毓賲賷丕賳	
ai,6,賵賲丨丕賲賷賳	
ai,4,丕賱丨賷夭賷賳	
ai,3,賵賷購馗賴乇丕賳	
ai,3,賷購卮賰賱丕賳	
ai,8,賱賳馗丕賲賷賳	
ai,9,賰賲丨乇賰賷賳	
ai,4,丕賱賲爻鬲睾乇賯賷賳	
ai,1,丕賱乇賯賲賷賷賳	
ai,5,賲乇禺氐賷賳	
ai,14,賵賲乇禺氐賷賳	
ai,14,賲賮賵囟賷賳	
ai,2,丕賱噩乇賲賷賳	
ai,3,丕賱禺丕囟毓賷賳	
ai,9,賲賯丕賵賱賷賳	
ai,12,丕賱賲丨賰賲賷賳	
ai,3,丕賱賱毓丕賳	
ai,4,丕賱乇丕賮囟賷賳	
ai,5,丕賱賲乇丕賯亘賷賳	
ai,1,丕賱賲爻鬲兀噩乇賷賳	
ai,6,賵丕賱賲丐噩乇賷賳	
ai,6,賵丕賱賲爻鬲兀噩乇賷賳	
ai,1,丕賱賲丿丕賳	
ai,6,丕賱毓賯賵亘鬲賷賳	
ai,2,鬲賳賲賵賷賷賳	
ai,2,亘乇賳丕賲噩賷賳	
ai,3,賵丕賱廿匕毓丕賳	
ai,7,賰廿賳爻丕賳	
ai,7,丕賱賲賳丿賵亘賷賳	
ai,7,丕賱賲賮丕賵囟賷賳	
ai,3,丕賱噩賲乇賰賷賷賳	
ai,11,胤亘賷毓賷賷賳	
ai,11,亘丕賱賲賮丕賵囟賷賳	
ai,5,賮賯乇鬲賷賳	
ai,16,賵丕賱賲賳丿賵亘賷賳	
ai,6,丕賱丕賱賰鬲乇賵賳賷賷賳	
ai,3,丕賱鬲禺賲賷賳	
ai,2,賱兀乇賰丕賳	
ai,6,丕賱廿賷乇丕賳賷賷賳	
ai,7,賱賱兀賲丕賳	
ai,9,丕賱賲爻鬲賯乇賷賳	
ai,5,賵賲賲孬賱賷賳	
ai,3,丕賱賵丕賯毓鬲賷賳	
ai,5,毓丕賲賷賳	
ai,3,賱賱賲丕賱賰賷賳	
ai,3,卮乇胤賷賳	
ai,13,賵丕賱噩賳賷賳	
ai,3,爻賮賷丕賳	
ai,2,丕賱亘丨乇賷賳	
ai,5,賲賲孬賱賷賳	
ai,12,丕賱胤乇賮丕賳	
ai,5,賵丕賱賲爻丕毓丿賷賳	
ai,4,丕賱賲亘丕卮乇賷賳	
ai,6,丕賱賾賽賱毓丕賳	
ai,10,賱賱賱毓丕賳	
ai,10,亘賷賲賷賳	
ai,6,丕賱賲爻鬲丨賯賷賳	
ai,6,丕賱賲丨囟賵賳賷賳	
ai,2,賱賱賲鬲賯丕囟賷賳	
ai,10,賵丕賱賲鬲賯丕囟賷賳	
ai,10,丕賱乇賯丕亘鬲賷賳	
ai,4,丕賱亘胤賱丕賳	
ai,8,賱賱亘胤賱丕賳	
ai,5,丕賱賲鬲禺丕氐賲賷賳	
ai,4,丕賱賲氐賱丨鬲賷賳	
ai,4,賱賱廿禺賲賷賳賷賷賳	
ai,5,丕賱賵爻賷胤丕賳	
ai,5,亘鬲毓賷賷賳	
ai,6,丕賱賲鬲噩丕賵夭賷賳	
ai,8,丕賱毓爻賰乇賷賷賳	
ai,8,鬲鬲毓賱賯丕賳	
ai,6,賵丕賱賲賴丕噩乇賷賳	
ai,6,丕賱賳丕夭丨賷賳	
ai,4,丕賱賯囟丕卅賷賷賳	
ai,3,賵賵賴丕賳	
ai,4,丕賱賱匕丕賳	
ai,4,賯丕賳賵賳賷賳	
ai,2,廿賷賮賷丕賳	
ai,8,丕賱乇禺氐鬲賷賳	
ai,5,丕賱賲爻毓賮賷賳	
ai,2,丕賱賲爻賮丿賷賳	
ai,1,賵丕賯鬲乇丕賳	
ai,2,賱賱賲丨鬲乇賮賷賳	
ai,7,賱賲爻鬲賴賱賰賷賳	
ai,5,丕賱睾乇賮鬲賷賳	
ai,5,丕賱亘乇賱賲丕賳賷鬲賷賳	
ai,3,賵丕賱賲毓丿賾賷賳	
ai,3,爻賳鬲賷賳	
ai,3,丕賱賲爻鬲噩丿賷賳	
ai,7,毓賳氐乇丕賳	
ai,6,賲丨賵乇賷賷賳	
ai,6,賱賱賯丕氐乇賷賳	
ai,1,賰丌賱賷鬲賷賳	
ai,1,賱賱鬲丨氐賷賳	
ai,6,賵丕賱賯丕亘賱賷賳	
ai,3,丕賱賴賷賰賱賷賳	
ai,7,丕賱賲鬲賳丕夭毓賷賳	
ai,11,丕賱賯囟丕亍賷賳	
ai,11,丕賱賲爻丕乇賷賳	
ai,4,賱賱丕噩卅賷賳	
ai,4,賵丕賱賱丕噩卅賷賳	
ai,5,賵丕賱賳丕夭丨賷賳	
ai,10,賷鬲賯丕胤毓丕賳	
ai,5,賵丕賱賲丨賱賷賷賳	
ai,6,賵賲亘丨孬賷賳	
ai,2,丕賱丿丕禺賱賷賷賳	
ai,9,賵丕賱賲丿賯賯賷賳	
ai,3,丕賱氐禺乇賷賷賳	
ai,2,亘丕賱囟賲丕賳	
ai,4,賲爻鬲毓乇囟賷賳	
ai,3,賱賱兀乇卮賷賮賷賷賳	
ai,3,丕賱兀乇卮賷賮賷賷賳	
ai,8,丕賱賲禺胤卅賷賳	
ai,5,丕賱賲賰鬲亘賷賷賳	
ai,2,鬲丐孬乇丕賳	
ai,4,賵廿鬲賯丕賳	
ai,3,賲丿賷賳	
ai,9,丕賱賲賳馗賲賷賳	
ai,6,丕賱賲丐乇禺賻賷賳	
ai,6,丕賱賲丐乇禺丕賳	
ai,3,賷賲鬲丿丕賳	
ai,3,賷賯鬲氐乇丕賳	
ai,3,賵丕賱乇賵賲丕賳	
ai,6,賵丕賱賲氐乇賷賷賳	
ai,6,丕賱噩丕賴賱賷賷賳	
ai,6,賵丕賱丨賷賵丕賳	
ai,7,賵丕賱賳丕氐乇賷賷賳	
ai,2,亘賳賷丕賳	
ai,5,鬲乇噩賲丕賳	
ai,4,丕賱賲賱賵孬賷賳	
ai,3,賯乇賷賳	
ai,7,賱鬲亘賷賷賳	
ai,9,賱兀匕賴丕賳	
ai,1,丕賱賲賴乇噩丕賳	
ai,6,丕賱賵丕賯毓賷賳	
ai,2,賱賱賲賯鬲乇囟賷賳	
ai,3,賲賵乇丿賷賳	
ai,7,賱賱丿賷賵丕賳	
ai,6,丕賱丿乇丕爻鬲賷賳	
ai,3,賵賲丨丕爻亘賷賳	
ai,6,賵賲禺鬲氐賷賳	
ai,4,賰賲丨賵乇賷賳	
ai,2,孬賱丕孬賷賳	
ai,10,賵爻賱丕胤賷賳	
ai,10,丕賱爻毓丿賷賷賳	
ai,10,丕賱爻賵丿丕賳賷賷賳	
ai,8,丕賱丨賰賵賲鬲賷賳	
ai,2,賵丕賱兀丨夭丕賳	
ai,1,賵兀丨夭丕賳	
ai,1,亘乇賱賷賳	
ai,11,賵爻賱胤丕賳	
ai,8,賲鬲賳丕賯囟賷賳	
ai,8,丕賱賲亘丿兀賷賳	
ai,4,賱賱亘乇賷胤丕賳賷賷賳	
ai,3,賱賱賲鬲囟乇乇賷賳	
ai,6,丕賱兀賲賷賷賳	
ai,7,丕賱亘乇賷胤丕賳賷賷賳	
ai,7,賱賱賲亘卮乇賷賳	
ai,7,賵噩賴賷賳	
ai,7,丕賱賲亘卮乇賷賳	
ai,3,鬲鬲賲鬲毓丕賳	
ai,3,丕賱廿賲亘乇丕胤賵乇賷鬲賷賳	
ai,3,丕賱兀賲乇賷賰鬲賷賳	
ai,4,丕賱丕爻鬲毓賲丕乇賷鬲賷賳	
ai,4,賱賱賯賵鬲賷賳	
ai,2,丕賱廿賲亘乇丕胤賵乇賷鬲丕賳	
ai,3,丕賱賮丕賱丕賳	
ai,2,丕賱賮賱丕賳	
ai,6,賵夭賲丕賳	
ai,10,丕賱丿丕乇賷賳	
ai,8,賯丕氐丿賷賳	
ai,8,丕賱賲購爻鬲囟毓賮賷賳	
ai,5,賵賷鬲胤賱亘丕賳	
ai,3,賱賱賲丿賳賷賷賳	
ai,12,爻賳亘賷賳	
ai,6,賰毓賳賵丕賳	
ai,1,賱賱丕爻鬲賷胤丕賳	
ai,7,亘丕賱賱丕噩卅賷賳	
ai,13,毓丕賷賳	
ai,2,賱賱賰孬賷乇賷賳	
ai,2,亘丕賱賳爻賷丕賳	
ai,1,賵丕賱賳爻賷丕賳	
ai,2,賱賱賮丕毓賱賽賷賳	
ai,9,賱賱賲丨囟乇賷賳	
ai,4,丕賱賲賯丕賵賲賷賳	
ai,6,亘鬲丿賵賷賳	
ai,5,丕賱賲睾乇亘賷賷賳	
ai,6,賱賱噩睾乇丕賮賷賷賳	
ai,3,丕賱賲卮賴賵乇賷賳	
ai,3,賵賷丿賷賳	
ai,4,亘賰乇丿賮丕賳	
ai,4,丕賱賲禺亘乇賷賳	
ai,4,賱賱賲禺亘乇賷賳	
ai,8,丕賱賲鬲囟丕乇亘鬲賷賳	
ai,6,賱賱廿賷賲丕賳	
ai,6,賵丨乇賲丕賳	
ai,7,賲鬲賳丕賵賱賷賳	
ai,5,賷毓賳賵丕賳	
ai,5,丕賱賲毓賱賵賲丕鬲賷賷賳	
ai,1,丕賱賲禺鬲乇賯賷賳	
ai,4,丿賷賳賷鬲丕賳	
ai,4,胤丕卅賮鬲丕賳	
ai,3,丕賱亘丕卅毓賷賳	
ai,5,丕賱賲鬲毓賱賯賷賳	
ai,5,丕賱毓賴丿賷賳	
ai,3,賲賵噩賵丿賷賳	
ai,2,賱鬲孬賲賷賳	
ai,9,丕賱囟乇賵乇鬲賷賳	
ai,4,賷鬲賳丕賵賱丕賳	
ai,4,賵丕賱賱匕賷賳	
ai,6,賷丨丿丿丕賳	
ai,6,丕賱毓囟賵賷賳	
ai,4,丕賱賲丨賰賵賲賷賳	
ai,2,丕賱賵丕乇孬賷賳	
ai,5,賵丕乇孬賷賳	
ai,6,賲丿乇爻賷賳	
ai,9,賲鬲乇丕亘胤鬲丕賳	
ai,3,丕賱賲鬲賳賵毓賷賳	
ai,4,賵丕賱兀賱賲丕賳賷賷賳	
ai,8,亘丕賱亘丕賱睾賷賳	
ai,12,丕賱賲賵丕夭賷賳	
ai,6,賱賱廿丿丕乇賷賷賳	
ai,4,賳丕噩賲賷賳	
ai,9,賱賱賲爻賷乇賷賳	
ai,9,丕賱賲爻賷乇賷賳	
ai,9,賲爻賷乇賷賳	
ai,3,賱鬲丨氐賷賳	
ai,5,賰賲賯丕鬲賱賷賳	
ai,3,賲丨賰賵賲賷賳	
ai,9,賳氐乇丕賱丿賷賳	
ai,5,丕賱兀禺賷乇賷賳	
ai,1,乇賵鬲賷賳	
ai,5,賵賲賵馗賮賷賳	
ai,5,爻丕亘賯賷賳	
ai,6,賵丕賱賲馗賱賵賲賷賳	
ai,2,丕賱賳丕賮匕賷賳	
ai,6,丕賱賲丐賲賾賳賷賳	
ai,6,賲噩乇賲賷賳	
ai,3,丕賱丨丕氐賱賷賳	
ai,3,鬲丕賲鬲賷賳	
ai,7,丕賱賲氐乇賮賷賳	
ai,7,賲氐乇賮賷賳	
ai,2,丌賱賷賳	
ai,5,毓賯丿賷賳	
ai,6,賵丕賱鬲毓丿賷賳	
ai,1,丕賱賰鬲賲丕賳	
ai,1,亘丕賱賱睾鬲賷賳	
ai,2,賱賱賲爻鬲賵胤賳賷賳	
ai,2,丕賱賲購噩鬲賴丿賷賳	
ai,4,丕賱鬲毓丕賯丿賷賷賳	
ai,14,賳賮爻賷賷賳	
ai,14,丕賱賳丕丿賷賳	
ai,5,丨丕爻賲賷賳	
ai,5,兀賲乇賷賳	
ai,4,氐丕丿賯賷賳	
ai,6,賵丌賲賳賷賳	
ai,7,丕賱賲賴賳賷賳	
ai,2,丿丕毓賲賷賳	
ai,3,亘丕毓孬賷賳	
ai,5,賵丕賱賲丿賳賷賷賳	
ai,4,丕賱賲丨丕乇亘賷賳	
ai,6,賵丕賱鬲賱賲爻丕賳賷賷賳	
ai,3,賱賱廿毓賱丕賳	
ai,1,丕賱爻丕賲毓賷賳	
ai,4,賲鬲囟丕丿鬲賷賳	
ai,8,賵賲賱鬲夭賲賷賳	
ai,4,賵鬲爻鬲毓賷賳	
ai,5,賵丕賱賲賮丕賵囟賷賳	
ai,2,亘丕賱賲賳丿賵亘賷賳	
ai,2,賱賱賲丿禺乇賷賳	
ai,2,賲丿禺乇賷賳	
ai,3,丨賵乇賷賳	
ai,2,鬲賲孬賱丕賳	
ai,4,乇卅賷爻鬲賷賳	
ai,6,賱賱賳馗丕賲賷賳	
ai,2,丕賱夭賵噩丕賳	
ai,2,丕賱爻鬲賷賳	
ai,6,亘丕賱爻賷丕賯賷賳	
ai,6,兀爻丕爻賷丕賳	
ai,3,賱賱賲賮爻乇賷賳	
ai,6,丕賱賲丿毓賷賳	
ai,4,賱賱賲賵丨丿賷賳	
ai,5,賰亘乇賷卅賷賳	
ai,4,亘丕賱賲賵丨丿賷賳	
ai,2,賵亘乇丕賴賷賳	
ai,4,賵賲毓賷賳	
ai,5,賵丕賱兀亘賵乇噩賷賳賷賷賳	
ai,4,賲爻鬲賲乇賷賳	
ai,2,賲賳丨賷賳	
ai,2,賲賳丨胤賷賳	
ai,4,賱賱廿毓賱丕賲賷賷賳	
ai,6,鬲賵賮乇丕賳	
ai,6,丕賱丌賱賷鬲丕賳	
ai,3,賱賱賲賴賳丿爻賷賳	
ai,11,賵丕賱兀亘賵賷賳	
ai,11,丕賱賳丕鬲噩賷賳	
ai,11,賲噩賳爻鬲賷賳	
ai,11,噩賳爻賷鬲賷賳	
ai,11,夭賵噩賷賳	
ai,2,乇噩丨丕賳	
ai,3,賱睾鬲賷賳	
ai,4,賱丿賷賳	
ai,2,賱賱睾鬲賷賳	
ai,7,鬲賯丿賲丕賳	
ai,7,丕賱賰丕鬲亘鬲賷賳	
ai,7,丕賱賰丕鬲亘鬲丕賳	
ai,3,賱賱賰丕鬲亘鬲賷賳	
ai,8,賱賲鬲丨丿孬賷賳	
ai,6,賱賱鬲乇亘賵賷賷賳	
ai,8,丕賱賰賵賮賷賷賳	
ai,1,兀賷賳卮鬲丕賷賳	
ai,2,賱丌賷賳卮鬲丕賷賳	
ai,2,賱丕賳	
ai,2,丕賷賳	
ai,4,賷丿毓賵丕賳	
ai,4,亘夭賲丕賳	
ai,5,賵丕賱鬲禺賲賷賳	
ai,8,賵丕賱賲卮乇賰賷賳	
ai,8,丕賱賳氐乇賷賷賳	
ai,3,丕賱賲氐胤賱丨賷賳	
ai,8,賵乇賵丕卅賷賷賳	
ai,4,賮毓賾丕賱賷賳	
ai,4,鬲鬲毓丕賷賳	
ai,1,賱爻賱賷賲丕賳	
ai,2,丕賱兀賲賷乇丕賳	
ai,3,丕賱丕爻鬲賷胤丕賳	
ai,3,丕賱賳丕賯丿賻賷賳	
ai,8,丕賱賰丕鬲亘丕賳	
ai,4,賲鬲賵丕噩丿賷賳	
ai,4,賵丿乇噩鬲賷賳	
ai,5,賲毓丕賯賷賳	
ai,2,丕賱亘鬲賰賵賷賳	
ai,4,賰丕賱廿毓賱丕賳	
ai,6,賵賷鬲賳丕賵賱丕賳	
ai,8,亘丿賷賵丕賳	
ai,9,賱賱賲爻鬲賲毓賷賳	
ai,3,廿爻鬲亘賷丕賳	
ai,6,丕賱卮乇賷賰賷賳	
ai,4,丕賱囟乇賷亘賷賷賳	
ai,1,鬲賻噩賳賽賷賳	
ai,2,賱賱賲賯丕賵賲賷賳	
ai,2,賰賲噩丕賱賷賳	
ai,2,賲爻鬲卮賴丿賷賳	
ai,3,賵賲禺鬲賱賮賷賳	
ai,3,賲鬲丿丕禺賱賷賳	
ai,3,賱賲賮賴賵賲賷賳	
ai,3,賷購毓丿丕賳	
ai,5,賵丕賱賯賷乇賵丕賳	
ai,5,丕賱賯賷乇賵丕賳	
ai,6,丕賱廿鬲賷丕賳	
ai,6,賵噩賴丕賳	
ai,9,賷賲鬲賱賰丕賳	
ai,3,亘丕賱兀氐賵賱賷賷賳	
ai,2,賲鬲氐賵賮賷賳	
ai,2,丕賱賲噩賷夭賷賳	
ai,3,丕賱乇賷賮賷賳賷賷賳	
ai,3,丕賱禺胤賷亘賷賳	
ai,1,丕賱賯賷賲鬲賷賳	
ai,2,亘賱爻丕賳	
ai,4,賵丕賱賲丕賱賷夭賷賷賳	
ai,6,丕賱爻丕卅丨賷賳	
ai,9,亘賮賯丿丕賳	
ai,4,賲氐胤賱丨賷賳	
ai,3,賲胤賱賵亘丕賳	
ai,7,賷毓丿賾丕賳	
ai,4,夭賲賳賷鬲賷賳	
ai,2,丕賱賵囟毓賷賳	
ai,6,丨賯丕賳	
ai,7,賰丕賱廿爻亘丕賳	
ai,11,丕賱賲鬲賳丕賯囟賷賳	
ai,5,賲禺賱氐賷賳	
ai,7,賵賲鬲亘丕丿賱賷賳	
ai,7,丿丕卅賲賷賳	
ai,5,賵丕乇噩賱丕賳	
ai,5,丕賱毓氐乇賷賳	
ai,6,賷賳丕賯卮丕賳	
ai,4,賵丕賱廿鬲賯丕賳	
ai,3,丕賱賲丨丿賾孬賷賳	
ai,8,丕賱賳馗乇鬲賷賳	
ai,9,丕賱賲匕賴亘賷賳	
ai,3,賯囟丕賷丕鬲賲賰賷賳	
ai,4,賱賲賰丕賳	
ai,10,賵賷鬲丿丕禺賱丕賳	
ai,5,丕賱兀丿亘賷丕賳	
ai,3,丕賱賮賳賾賻賷賳	
ai,4,丕賱馗丕賴乇賷賷賳	
ai,4,賰丕賱賷賵賳丕賳	
ai,1,賵鬲囟賲賷賳	
ai,4,毓賲賱賷鬲賷賳	
ai,11,兀爻丕爻賷鬲丕賳	
ai,11,毓賲賱賷鬲丕賳	
ai,3,賷鬲賵賱賷賳	
ai,4,賵賱亘賷丕賳	
ai,1,讴丕賳	
ai,1,賵爻鬲賷賳	
ai,4,賷賰賲賱丕賳	
ai,3,乇賵亘賷賳	
ai,3,賱賱禺胤丕胤賷賳	
ai,3,毓丿賳丕賳	
ai,6,賲鬲乇丕丿賮賷賳	
ai,8,賵丕賱毓乇賮丕賳	
ai,8,兀氐賮賴丕賳	
ai,8,倬賵乇丨賲丿丕賳賷丕賳	
ai,4,賷賵噩賷賳	
ai,5,亘賱賵丨鬲賷賳	
ai,7,鬲丨賲賱丕賳	
ai,7,賱賵丨鬲賷賳	
ai,1,賲氐丿乇賷賳	
ai,1,賵丕賱賲睾賮賱賷賳	
ai,3,賵丕賱賲丐賷丿賷賳	
ai,6,賰丕賱夭賲丕賳	
ai,19,賵賷毓鬲亘乇丕賳	
ai,19,賵鬲購馗賴乇丕賳	
ai,19,鬲毓亘乇丕賳	
ai,19,賯賲丕賳	
ai,19,噩賳丕賳	
ai,7,賰鬲丕亘賷賳	
ai,5,胤賵賯丕賳	
ai,2,賵丨賳賷賳	
ai,2,賮賱爻胤賷賳賷賷賳	
ai,4,賱賷亘賷賳	
ai,3,丕賱爻賲丕賳	
ai,2,賱賱賰賱賲鬲賷賳	
ai,2,亘亘賷賳	
ai,1,賯乇賳賷賳	
ai,5,丕賱賲賯丕乇亘鬲賷賳	
ai,1,丕賱匕賵亘丕賳	
ai,4,賵丕賱匕賵亘丕賳	
ai,1,亘丕賱賱賾爻丕賳	
ai,4,毓丕卅賱鬲賷賳	
ai,8,丕賱賲爻鬲睾賷孬賷賳	
ai,3,賵賱賱丌禺乇賷賳	
ai,3,賵賲賳鬲噩賷賳	
ai,3,賰賲卮丕乇賰賷賳	
ai,4,賵賰賲賳鬲噩賷賳	
ai,4,賵丕賱兀賱亘丕賳	
ai,4,賲賯鬲乇賳賷賳	
ai,6,丕賱賲爻賵賯賷賳	
ai,4,賲爻鬲賯賱賷賳	
ai,9,丕賱賲丿賷賳鬲賷賳	
ai,7,賱賱賳丕賯賱賷賳	
ai,6,丕賱兀賱亘丕賳	
ai,7,噩夭丕卅乇鬲賷賳	
ai,7,賲丐爻爻鬲賷賳	
ai,1,丕賱丿賷賳賷賷賳	
ai,13,賵丕賱賲賳賮匕賷賳	
ai,13,噩夭丕卅乇賷鬲賷賳	
ai,1,亘賵禺賳丕賳	
ai,2,賮乇囟賷鬲賷賳	
ai,6,噩亘賷賳	
ai,8,賵鬲乇亘賵賷賷賳	
ai,3,兀賱鬲賲丕賳	
ai,3,賱丿賷賵丕賳	
ai,5,賱賽賱賿亘賻丕丨賽孬賽賷賳	
ai,5,賵賻丕賱賽丕賳	
ai,5,丕賱賽丕賳	
ai,5,爻賽賷賳	
ai,4,丕賱賲爻鬲賱賲賷賳	
ai,3,丕賱丨丕賱賷賷賳	
ai,4,賵賱鬲賭兀賲賷賳	
ai,4,賱廿毓賱丕賳	
ai,5,賲賯丕乇亘鬲賷賳	
ai,7,賵丕賱賲乇丕賯亘賷賳	
ai,5,丕賱賮賯賴賷賷賳	
ai,7,賱賱賲爻鬲卮乇賯賷賳	
ai,2,丕賱賲購丨賻賯賾賽賯賾賽賷賳	
ai,1,賵兀賷賳卮鬲丕賷賳	
ai,3,丌賷賳卮鬲丕賷賳	
ai,4,賵丕賱賲氐賱丨賷賳	
ai,2,賱賰賷丕賳	
ai,3,鬲爻鬲賰卮賮丕賳	
ai,1,兀賷賳	
ai,10,賷賰鬲賳賮丕賳	
ai,8,丕賱賮賳賷賷賳	
ai,4,丕賱鬲丿禺賷賳	
ai,4,亘丕賱鬲丿禺賷賳	
ai,8,賵丕賱賰丕賮賷賷賳	
ai,13,賷鬲卮丕乇賰丕賳	
ai,5,丕賱鬲乇丕孬賷賳	
ai,7,賱賱乇噩賱賷賳	
ai,9,賱鬲賲丕乇賷賳	
ai,11,毓夭丕賱丿賷賳	
ai,3,賵丕賱兀賵夭丕賳	
ai,3,丕賱乇賳賷賳	
ai,7,賱賱鬲賴噩賷賳	
ai,2,丕賱賲毓噩賲賽賷賾賷賳	
ai,6,丕賱乇賵鬲賷賳	
ai,4,丕賱賲購毓噩賻賲賷賷賳	
ai,5,丕賱胤賵乇賷賳	
ai,3,賲鬲丨丿孬賷賳	
ai,5,賵賱鬲賯賳賷賳	
ai,5,丕賱噩賴鬲賷賳	
ai,2,禺夭丕賳	
ai,3,丕賱鬲丕乇賷禺賷賳	
ai,15,賲鬲亘毓賷賳	
ai,4,賵胤睾賷丕賳	
ai,5,賵丕賱賲賲孬賱賷賳	
ai,2,賵丕賱賲鬲賮丕毓賱賷賳	
ai,3,賱賷賮賷賳	
ai,1,賲賵乇睾丕賳	
ai,7,賱賱兀賳孬乇賵亘賵賱賵噩賷賷賳	
ai,2,賰賲孬丕賱賷賳	
ai,1,賯丕丿乇鬲丕賳	
ai,4,賷賯賷賳	
ai,2,丕賱兀賳孬乇賵亘賵賱賵噩賷賷賳	
ai,4,丕賱毓丕亘丿賷賳	
ai,4,夭賷賳	
ai,1,丕賱兀賳孬乇亘賵賱賵噩賷賷賳	
ai,4,賱廿賳爻丕賳	
ai,5,丕賱兀賳鬲乇賵亘賵賱賵噩賷賷賳	
ai,2,噩夭賷賳	
ai,5,丕賱賱亘賳丕賳賷賷賳	
ai,5,賱亘賳丕賳	
ai,2,丕賱賲鬲賵丕夭賳賷賳	
ai,9,賱賱賵丕賮丿賷賳	
ai,9,丕賱賲賳鬲賲賷賳	
ai,6,賵賲爻鬲卮乇賯賷賳	
ai,1,亘丕賱賲噩丕賱賷賳	
ai,4,亘賵爻賱賷賲丕賳	
ai,3,丕賱爻乇胤丕賳	
ai,7,賱賱廿丨爻丕賳	
ai,5,丕賱鬲賯賱賷丿賷賳	
ai,5,賲鬲兀氐賱丕賳	
ai,5,鬲賯賱賷丿丕賳	
ai,6,賵丕賱賰賵賮賷賷賳	
ai,6,丕賱亘氐乇賷賷賳	
ai,4,賳賯丿賷鬲賷賳	
ai,7,賲鬲毓丕乇囟鬲賷賳	
ai,7,乇丐賷鬲賷賳	
ai,3,賵丕賱賲賮鬲卮賷賳	
ai,4,賵賲賮鬲卮賷賳	
ai,3,賱賱胤賵丕毓賷賳	
ai,7,賲鬲賱丕夭賲丕賳	
ai,2,賵丕賱鬲賲丕乇賷賳	
ai,4,丿丕賳	
ai,4,賱丿丕賳	
ai,3,賲賮爻乇賷賳	
ai,2,賱賱賲賮爻賾乇賷賳	
ai,8,賵賰廿賳爻丕賳	
ai,8,賵丕賮鬲鬲丕賳	
ai,8,賵賲賮爻乇賷賳	
ai,8,賵亘賱丕睾賷賷賳	
ai,8,賲毓噩賲賷賷賳	
ai,3,鬲購毓丕賷賳	
ai,1,賵丕賱孬賱丕孬賷賳	
ai,4,賱賱爻賱胤丕賳	
ai,1,賵鬲賱丨賷賳	
ai,1,丕賱賲賴賲卮賷賳	
ai,4,鬲禺夭賷賳	
ai,4,丕賱賳賵毓丕賳	
ai,4,賷胤賱亘丕賳	
ai,4,賲卮賷丿賷賳	
ai,7,丕賱丿亘賱賵賲丕爻賷賷賳	
ai,3,亘乇丿丕賳	
ai,3,賵亘乇丿丕賳	
ai,5,賱賱賲丐賲賳賷賳	
ai,4,丕賱氐賷睾鬲賷賳	
ai,3,爻賷丕賯賷賳	
ai,3,賲購爻鬲毓賷賳	
ai,3,亘丕賱毓賲賷丕賳	
ai,4,亘丕賱毓賷賳	
ai,2,賱賱賲賰賮賵賮賷賳	
ai,5,丕賱賲毓丕乇囟賷賳	
ai,1,賱賱鬲賲賵賷賳	
ai,6,賱鬲賲賵賷賳	
ai,6,丕賱噩亘賴鬲賷賳	
ai,11,亘丕賱賲乇丕亘胤賷賳	
ai,4,賵丕賱胤乇賮賷賳	
ai,6,丕賱丿丕毓賷賳	
ai,6,丕賱賲爻鬲賵胤賳賷賳	
ai,4,亘丕賱賲爻鬲賵胤賳賷賳	
ai,6,亘丕賱賮乇賳爻賷賷賳	
ai,6,賲爻鬲賴丿賮賷賳	
ai,3,賲賵賱毓賷賳	
ai,4,賲購馗賴乇賷賳	
ai,6,賵兀毓賷丕賳	
ai,2,丕賱丿賵丕賵賷賳	
ai,4,乇賰賷夭鬲賷賳	
ai,5,鬲購毓賷賳	
ai,1,賲賰卮賮賷賳	
ai,7,賯賽乇丕賳	
ai,5,賲卮乇賾丨賷賳	
ai,5,賲噩爻丿賷賳	
ai,2,賲賯乇丕賳	
ai,8,丕賱賳賷丕卮賷賳	
ai,6,丕賱賳賵乇賲丕賳	
ai,5,賱賱賳賵乇賲丕賳賷賷賳	
ai,8,賱賱賳賵乇賲丕賳	
ai,12,丕賱賲鬲氐賵賮賷賳	
ai,5,丕賱亘賳賷賳	
ai,6,賱賱廿氐賱丕丨賷賷賳	
ai,2,丕賱兀賲賷乇賷賳	
ai,1,賵毓購賲丕賳	
ai,4,毓購賲丕賳	
ai,6,丕賱毓賲丕賳賷賷賳	
ai,5,賱賱賲氐賱丨賷賳	
ai,1,亘丕賱胤賷賳	
ai,4,賷爻鬲賴丕賳	
ai,6,丕賱賲睾乇亘賷賳	
ai,4,賷鬲賵丕賳	
ai,7,鬲丕乇賰賷賳	
ai,2,丕賱兀賮乇丕賳	
ai,2,賱賱賲賽氐賿乇賻賷賷賳	
ai,4,丕賱毓乇丕賯賷賷賳	
ai,7,乇囟賵丕賳	
ai,7,賵噩夭丕卅乇賷賷賳	
ai,7,賮乇賳爻賷賷賳	
ai,7,賵賲丐乇禺賷賳	
ai,4,賵丕賱兀賵乇賵亘賷賷賳	
ai,1,鬲卮乇賷賳	
ai,2,胤乇禺丕賳	
ai,7,丕賱賳丕賯丿丕賳	
ai,7,賰賲爻丕賴賲賷賳	
ai,9,亘亘丕賰爻鬲丕賳	
ai,9,賲賳丕賮爻賷賳	
ai,8,賲賵囟賾丨賷賳	
ai,4,丕賱鬲丨乇賾乇賷賷賳	
ai,3,丕賱鬲賾賵賳爻賷賾賷賳	
ai,2,賵丿乇丕爻鬲丕賳	
ai,3,丕賱乇賵賲丕賳	
ai,3,丕賱兀爻胤賵乇賷賷賳	
ai,2,賱賱噩賳爻賷賳	
ai,9,丕賱乇丐賷鬲賷賳	
ai,9,丕賱賲鬲毓丕胤賮賷賳	
ai,3,賵丕賱賲鬲毓丕賵賳賷賳	
ai,3,賱賱賲丨鬲丕噩賷賳	
ai,2,賱賱賲毓賵夭賷賳	
ai,1,賱賱賲夭賵乇賷賳	
ai,4,丕賱賯乇丕亍鬲賷賳	
ai,3,賱賰鬲丕亘賷賳	
ai,6,賲鬲賲賷夭鬲丕賳	
ai,6,乇丨賱鬲丕賳	
ai,8,賱賱廿賷丕賱鬲賷賳	
ai,3,丕賱賲賳丕囟賱賷賳	
ai,6,亘丕賱噩夭丕卅乇賷賷賳	
ai,5,丕賱毓丕賱賽賲賷賳	
ai,7,丕賱兀禺賲賷賳賷賷賳	
ai,7,賵兀賴乇賷賲丕賳	
ai,7,丕賱廿賱賴賷賳	
ai,7,賲乇賰夭賷賳	
ai,5,丕賱賰賵賱賵賳賷丕賱賷賷賳	
ai,7,丕賱兀禺賵丕賳	
ai,4,丕賱賲睾賲賵乇賷賳	
ai,2,賵禺乇丕爻丕賳	
ai,4,賲鬲亘丕賷賳鬲賷賳	
ai,4,亘賮鬲乇鬲賷賳	
ai,7,亘賲乇丨賱鬲賷賳	
ai,7,鬲丿賷賳	
ai,11,賲毓鬲賯丿賷賳	
ai,9,賵孬賯丕賮賷賷賳	
ai,9,乇賵丨賷賷賳	
ai,7,丕賱賲鬲賲鬲毓賷賳	
ai,5,賲鬲賲賷夭鬲賷賳	
ai,3,賱賱賯丕乇卅賷賳	
ai,4,丕賱賱丕鬲賷賳	
ai,7,亘丕賱賲賱賰丕賳賷賷賳	
ai,12,賵丕賱賲丕乇賵賳賷賷賳	
ai,3,賵賲賴賳賷賷賳	
ai,3,賱兀賰丕丿賷賲賷賷賳	
ai,1,賱賱賲鬲乇卮丨賷賳	
ai,2,賵丕賱鬲夭賷賷賳	
ai,7,丕賱賲賵乇賷爻賰賷賷賳	
ai,5,胤丕賱亘賷賳	
ai,3,亘丕賱賲爻噩賵賳賷賳	
ai,6,賱賱夭賷乇賷賷賳	
ai,6,丕賱賳賵乇賲丕賳賷賷賳	
ai,6,賱賱丨賲丕丿賷賷賳	
ai,2,丕賱亘乇丕賴賷賳	
ai,4,丕賱丨囟丕乇賷賷賳	
ai,4,賱賱氐丨丕賮賷賷賳	
ai,5,丕賱賯胤丕賳	
ai,1,賵兀乇賰丕賳	
ai,6,賲賳賮匕鬲賷賳	
ai,2,賵丕賱丕爻鬲乇丕鬲賷噩賷賷賳	
ai,8,賵丕賱賲爻賳賷賳	
ai,2,禺亘賷乇賷賳	
ai,8,賱賱賲丨賰賲賷賳	
ai,9,賱賱賲賲乇囟賷賳	
ai,9,賲鬲賰丕賲賱鬲賷賳	
ai,9,丨丕賲賱賷賳	
ai,8,丕賱賲夭乇毓賷賳	
ai,8,丕賱賲夭賵丿賷賳	
ai,6,賵丕賱兀爻賱賵亘賷賷賳	
ai,5,賲卮噩毓賷賳	
ai,3,鬲丕亘毓賷賳	
ai,3,乇卅賷爻賷賳	
ai,3,丕賱賵賴乇丕賳	
ai,6,賵賲鬲丿賷賳	
ai,5,賵賲丨賮夭賷賳	
ai,4,卮賷亘丕賳	
ai,5,賱賱賲氐賱賷賳	
ai,5,賱賱賲鬲乇噩賲賷賳	
ai,3,賲丕賱賰賷賷賳	
ai,2,賲購爻鬲賳丿賷賳	
ai,4,乇噩賱丕賳	
ai,2,丕賱馗丕賱賲賷賳	
ai,7,丕賱賯氐乇賷賷賳	
ai,5,賲爻鬲賯胤亘賷賳	
ai,3,鬲丨丕賵賱丕賳	
ai,3,賳馗乇賷鬲丕賳	
ai,8,賲鬲亘賳賾賷賳	
ai,6,丕賱賲鬲賷賳	
ai,6,丕賱丨丕賰賲賷賳	
ai,1,賵丕賱鬲賱賵賷賳	
ai,5,賵鬲賱賵賷賳	
ai,5,賱賱賲丨丿孬賷賳	
ai,5,賱賱賲鬲賰賱賲賷賳	
ai,7,賲亘賷賳賷賳	
ai,7,丕賱兀賯丿賲賷賳	
ai,4,丕賱丕鬲賯丕賳	
ai,8,丕賱鬲賷丕乇賷賳	
ai,6,丕賱賲爻鬲乇卮丿賷賳	
ai,7,丕賱賲丐孬乇賷賳	
ai,7,賵丕賱賲爻鬲乇卮丿賷賳	
ai,1,丕賱賲乇賲賵賯賷賳	
ai,8,亘賮乇毓賷賳	
ai,8,賲爻鬲賯賱丕賳	
ai,3,賲爻賴賲賷賳	
ai,7,賮乇毓丕賳	
ai,7,丕賱毓賱賲丕賳	
ai,12,丕賱賲鬲噩匕乇賷賳	
ai,12,賵丕賱爻賱賵丕賳	
ai,7,廿賷噩丕亘賷賷賳	
ai,3,丕賱卮乇賷賮賷賳	
ai,3,賵丕賱丨乇賲賷賳	
ai,9,賲乇賰賾夭賷賳	
ai,3,丕賱賲丨賯賾賯賷賳	
ai,3,丕賱噩夭賷賳	
ai,3,賲亘鬲丿卅賷賳	
ai,7,丕賱賲亘鬲丿卅賷賳	
ai,4,丕賱賲賳爻賵亘賷賳	
ai,5,丕賱丌賷鬲賷賳	
ai,1,鬲賱賲爻賭丕賳	
ai,1,賵兀丿丕賳	
ai,2,丕賱賲賰孬乇賷賳	
ai,2,賵丕賱賲噩賵丿賷賳	
ai,3,賱賱賲亘鬲丿卅賷賳	
ai,3,賵賲丕賳	
ai,11,賱賲丐賱賮賷賳	
ai,11,賵毓賳賵丕賳	
ai,8,丕賱賲鬲丌賲乇賷賳	
ai,8,賵丕賱毓丕賲乇賷賷賳	
ai,8,丕賱氐賳賴丕噩賷賷賳	
ai,4,丕賱氐賳賴丕噩賷賳	
ai,9,丕賱賲賯乇亘賷賳	
ai,6,亘丿賵丕賵賷賳	
ai,10,丕賱兀賱爻賳賷賷賳	
ai,1,丕賱胤丕毓賳賷賳	
ai,9,賱爻丐丕賱賷賳	
ai,7,丕賱賲鬲賳賮匕賷賳	
ai,7,丕賱廿賯胤丕毓賷賷賳	
ai,7,賲購賰乇賾爻賷賳	
ai,4,賵鬲賱賲爻丕賳	
ai,4,丕賱廿賲丕賲賷賳	
ai,5,噩丕賴夭賷賳	
ai,7,賵丕賱賲賮鬲賷賳	
ai,3,賵毓孬賲丕賳	
ai,7,賵丕賱賲爻鬲賯乇賷賳	
ai,7,賱賱賲乇丕亘胤賷賳	
ai,3,丕賱氐賮賷賳	
ai,1,賵賮氐賱賷賳	
ai,2,賲鬲禺匕賷賳	
ai,3,亘丕賱毓賳賵丕賳	
ai,3,丕賱賲賮賰乇賻賷賳	
ai,4,賳氐賷鬲賷賳	
ai,4,丕鬲爻丕賯賷鬲賷賳	
ai,5,丨丕爻賲鬲賷賳	
ai,4,鬲丨賱賷賱賷賷賳	
ai,3,亘鬲亘賷丕賳	
ai,5,賲賴丕乇鬲丕賳	
ai,7,賯氐賷乇鬲賷賳	
ai,12,賵賲賵亘丕爻丕賳	
ai,1,賲卮鬲乇賰賷賳	
ai,9,丕賱賵丨丿賵賷賷賳	
ai,9,賵丕賱賲賳丕囟賱賷賳	
ai,6,賷購爻鬲賴丕賳	
ai,8,賲毓賳賷賷賳	
ai,4,丕爻鬲亘胤丕賳	
ai,5,丕賱賲卮乇賯賷賳	
ai,3,丕賱兀賵賱賷賷賳	
ai,3,賲鬲賱賯賷賳	
ai,3,賰賲亘丿毓賷賳	
ai,4,賲賳卮卅賷賳	
ai,2,丕賱鬲賯賳賷賳	
ai,5,丕賱丕乇鬲賴丕賳	
ai,1,賱噩賵賱賷丕賳	
ai,3,噩賵賱賷丕賳	
ai,4,賷賮鬲乇囟丕賳	
ai,4,賰毓乇囟賷賳	
ai,5,賱睾賵賷賷賳	
ai,5,賰兀丿丕卅賷賳	
ai,7,丕賱亘毓丿丕賳	
ai,3,賲乇鬲亘胤鬲賷賳	
ai,5,丕賱卮毓亘賷賳	
ai,3,賱賱賷賵賳丕賳賷賷賳	
ai,4,賵丕賱賲爻鬲毓丿賷賳	
ai,1,廿乇賵丕賳	
ai,4,丕賱廿匕毓丕賳	
ai,5,鬲賯賵賲丕賳	
ai,3,賵丕毓賷賳	
ai,2,丕賱賲賲賷夭賷賳	
ai,9,丕賱毓氐乇賷賷賳	
ai,2,鬲丨賱賷賱賷賳	
ai,3,丕賱賲賵賯賮賷賳	
ai,2,賱賱鬲賲賰賷賳	
ai,9,爻賱亘賷賷賳	
ai,1,丕賱賲睾鬲氐亘賷賳	
ai,6,賲爻賱胤鬲賷賳	
ai,6,丕賱乇賵丕賷鬲丕賳	
ai,1,賮賳丕賳	
ai,3,賱賱賳丕丨賷鬲賷賳	
ai,2,卮乇賷丕賳	
ai,6,丕賱賳賲賵匕噩賷賳	
ai,4,丕賱兀丿亘賷鬲賷賳	
ai,2,鬲毓乇賷賮賷賳	
ai,3,丕賱氐賳丕毓鬲賷賳	
ai,5,丕賱丕賯鬲乇丕賳	
ai,3,賵賲賵噩賴賷賳	
ai,3,賰賲丨丕囟乇賷賳	
ai,8,丕賱賲購鬲毓賱賲賷賳	
ai,1,賵鬲夭賮賷鬲丕賳	
ai,10,鬲爻賮胤丕賳	
ai,10,賲爻丕乇賷賳	
ai,2,賵亘蹖丕賳	
ai,2,賵丕賱毓丕賱賲賷賷賳	
ai,6,賰賲賷丿丕賳	
ai,2,丕賱賳丕噩賷賳	
ai,3,賲購爻賴賲賷賳	
ai,3,丕賱卮賯賷賳	
ai,6,賵賲鬲賷賳	
ai,6,丨丕爻賲丕賳	
ai,6,賷購卮賰賾賱丕賳	
ai,4,賵賲賮賷丿賷賳	
ai,6,賳丕賮毓賷賳	
ai,3,丕賱賲賳賴噩賷鬲賷賳	
ai,2,賵丕賱丕鬲賯丕賳	
ai,4,毓賷丕賳	
ai,4,賳丕噩賷賳	
ai,3,賵兀氐賵賱賷賷賳	
ai,3,賰賲乇噩毓賷鬲賷賳	
ai,3,賱賵丕爻賷賳	
ai,1,卮禺氐賷鬲丕賳	
ai,5,賷賯賵賲丕賳	
ai,11,毓丕賲賱丕賳	
ai,5,賱賱噩賷賱賷賳	
ai,4,丕賱賲丿乇爻賷賷賳	
ai,4,丕賱噩賷賱賷賳	
ai,7,賵丕賱賲鬲乇噩賲賷賳	
ai,3,噩爻鬲賳賷丕賳	
ai,4,賵丕賱禺胤丕胤賷賳	
ai,4,賵丕賱乇爻丕賲賷賳	
ai,6,賵丕賱賲氐賲賲賷賳	
ai,6,賵丕賱禺胤賾丕胤賷賳	
ai,6,丕賱乇爻賾丕賲賷賳	
ai,6,賵丕賱賲氐賲賾賲賷賳	
ai,6,丕賱賲毓賱賾賲賷賳	
ai,12,丕賱爻毓乇丕賳	
ai,4,賵丕賱爻賱賵賰賷賷賳	
ai,4,丕賱賲毓乇賮賷賷賳	
ai,3,賲丿毓賵賲賷賳	
ai,3,丕賱賰丕乇賷賰丕鬲賵乇賷賷賳	
ai,4,亘丕賱兀匕賴丕賳	
ai,1,丕賱亘賷卅鬲賷賳	
ai,5,賷購毓賷賳	
ai,11,亘丕乇毓賷賳	
ai,5,賲賯鬲乇丨賷賳	
ai,8,爻賱丕賱鬲賷賳	
ai,3,賵賲鬲賱賯賷賳	
ai,3,賰賲乇丕爻賱賷賳	
ai,6,賱賱賲鬲賲丿乇爻賷賳	
ai,2,亘鬲賲賰賷賳	
ai,5,賱鬲禺夭賷賳	
ai,1,丕賱賲賳鬲卮乇賷賳	
ai,3,賵賱爻丕賳	
ai,8,賵丕賱賲賵夭毓賷賳	
ai,7,胤乇賷賯鬲賷賳	
ai,4,賵丕賱賲卮丕賴丿賷賳	
ai,3,賵丕賱賳丕卮乇賷賳	
ai,5,賵丕賱鬲賯賱賷丿賷賷賳	
ai,4,爻乇胤丕賳	
ai,2,賱賱賲噩鬲賴丿賷賳	
ai,7,賱賲鬲毓賱賲賷賳	
ai,4,亘丕賱爻乇胤丕賳	
ai,1,賵丕賱賲賰鬲亘賷賷賳	
ai,3,丕賱賲鬲丨賲爻賷賳	
ai,2,賲購賮囟賱賷賳	
ai,4,乇丕爻賷賳	
ai,5,賱乇丕爻賷賳	
ai,10,賮乇毓賷鬲賷賳	
ai,2,丕賱噩賱賷賱賷賳	
ai,2,丕賱賲丕丿鬲賷賳	
ai,2,賲購亘賷賳	
ai,7,賲鬲賰賱賲賷賳	
ai,13,賲鬲氐賱賷賳	
ai,14,賷卮賰賾賱丕賳	
ai,5,賱賱兀氐賵賱賷賷賳	
ai,2,賵丕賱賲鬲亘丕賷賳	
ai,1,丕賱噩夭丕卅乇貙兀賷賳	
ai,5,丕賱丕爻鬲亘胤丕賳	
ai,3,賱亘乇賱賲丕賳	
ai,6,賵鬲賲丕爻賷賳	
ai,1,亘丕賱廿賲毓丕賳	
ai,6,賲鬲氐丕乇毓鬲賷賳	
ai,3,丕賱賲購禺賻丕胤賻亘賷賳	
ai,4,亘賲爻鬲賵賷賷賳	
ai,3,亘兀賵夭丕賳	
ai,3,鬲賱賵賷賳	
ai,3,丕賱兀賱賲丕賳	
ai,6,賲亘鬲毓丿賷賳	
ai,4,賱賱兀賵乇賵亘賷賷賳	
ai,2,丕賱賵賳賾丕賳	
ai,5,賯賵賷賷賳	
ai,5,爻賱丕丨賷賳	
ai,5,賱賱丿賵丕賵賷賳	
ai,4,賱毓賳賵丕賳	
ai,7,賲丨丕賵乇賷賳	
ai,5,賰賲丨賵乇賷賷賳	
ai,5,丕噩鬲賲丕毓賷賷賳	
ai,5,賵賲丐孬乇賷賳	
ai,6,亘廿賷乇丕賳	
ai,6,丕賱賲禺胤賵胤賷賳	
ai,13,丕賱賲禺胤賵胤鬲丕賳	
ai,4,蹖賲孬賱丕賳	
ai,10,賱賱賲禺胤賵胤鬲賷賳	
ai,10,丕賱賲禺胤賵胤鬲賷賳	
ai,7,丕賱丨丕囟乇賷賳	
ai,7,丕賱賲賳卮賵乇賷賳	
ai,4,賵丕賱賲胤賱毓賷賳	
ai,6,丕賱兀爻賷賵賷賷賳	
ai,6,賵賷毓賰爻丕賳	
ai,4,鬲賳亘毓丕賳	
ai,8,賲賳賴噩賷鬲丕賳	
ai,4,賷鬲兀孬乇丕賳	
ai,4,賵丕賱鬲丿賵賷賳	
ai,8,丕賱賲賷丿丕賳賷賳	
ai,8,丕賱丨賯賱丕賳	
ai,4,賷鬲噩賱賷丕賳	
ai,4,賱鬲亘賷賳	
ai,4,賮乇賷賯丕賳	
ai,11,賲鬲鬲亘毓賷賳	
ai,3,丕賱賱爻丕賳賷賳	
ai,10,賵賲鬲毓賱賾賲賷賳	
ai,5,賱賷鬲亘賷賳	
ai,6,賵丕賱賱匕丕賳	
ai,8,賰丿丕毓賲賷賳	
ai,4,丕賱賲賵丕賱賷賳	
ai,3,賷購毓丿賾丕賳	
ai,8,賷購賰賲賱丕賳	
ai,5,賲鬲噩丿丿鬲賷賳	
ai,2,賰丕賱亘賷丕賳	
ai,5,賲爻鬲賲丿賷賳	
ai,5,賲噩亘乇賷賳	
ai,5,賱賱賲鬲毓丕賯丿賷賳	
ai,4,賲乇丕賴賯賷賳	
ai,3,爻賷亘乇賲丕賳	
ai,6,賵孬賲丕賳賷賳	
ai,6,兀賱賮賷賳	
ai,6,孬賲丕賳賷賳	
ai,6,鬲爻毓賷賳	
ai,7,毓賲賱賷賳	
ai,5,賵丕賱賴噩賷賳	
ai,4,丕賱賲亘賴乇賷賳	
ai,5,賷鬲亘丕賷賳丕賳	
ai,8,賵丕賱丨丿丕孬賷賷賳	
ai,3,丕賱兀賯乇亘賷賳	
ai,4,賯胤亘賷賳	
ai,4,賵丕賱賲氐胤賮賷賳	
ai,4,丕賱賲爻鬲賲乇賷賳	
ai,11,丕賱氐亘丕賳	
ai,11,賷丿賱丕賳	
ai,11,賷氐賱丨丕賳	
ai,15,丕賱爻丕賱賲賷賳	
ai,15,賵賷購亘賷賳	
ai,15,丕賱噩賲毓賷賳	
ai,5,賵丨丕賱賷賷賳	
ai,7,賲氐賳賮賷賳	
ai,7,噩丕賴丿賷賳	
ai,9,賲睾丕乇亘賷鬲賷賳	
ai,9,毓丕賰爻賷賳	
ai,7,丕賱賲賱丕賷賵賷賷賳	
ai,7,丕賱賯丕丿賲賷賳	
ai,4,賱賱夭賲丕賳	
ai,5,丕賱毓賯賱丕賳賷賷賳	
ai,6,賵丕賱賱賾睾賵賷賷賳	
ai,5,賵丕賱毓丕乇賮賷賳	
ai,5,丕賱賲鬲毓賲賯賷賳	
ai,3,丕賱賯賵賲賷賷賳	
ai,5,爻丕毓賷賳	
ai,3,丕賱丿賱丕賱賷賷賳	
ai,2,賲亘丕賳	
ai,5,賵賵丕乇噩賱丕賳	
ai,2,賲鬲囟丕丿賷賳	
ai,4,賷鬲賳丕賯囟丕賳	
ai,2,賲爻鬲賱賴賲賷賳	
ai,6,賵丕賱廿禺亘丕乇賷賷賳	
ai,7,賲毓鬲乇囟賷賳	
ai,6,丕賱賲丐卮乇丕賳	
ai,5,丕賮鬲乇丕囟賷賳	
ai,8,賱賱亘氐乇賷賷賳	
ai,8,賲亘鬲賰乇賷賳	
ai,3,丕賱乇兀賷賷賳	
ai,5,丕賱毓賱賲賷丕賳	
ai,5,丕賱賲噩鬲賲毓丕賳	
ai,1,丕賱丕胤賲卅賳丕賳	
ai,3,賱廿丨爻丕賳	
ai,7,丕賱賳賾賯丿賷賳	
ai,8,丕賱賲爻鬲賵賷丕賳	
ai,4,丕賱睾丕賷鬲賷賳	
ai,2,賵丕爻鬲丨爻丕賳	
ai,6,賱賳亘賷賳	
ai,5,丕賱丿賴丕賳	
ai,5,鬲丿賵乇丕賳	
ai,5,賲鬲乇丕亘胤鬲賷賳	
ai,2,丕賱丿賾賴丕賳	
ai,5,丕賱丿購賴丕賳	
ai,5,賲鬲丿丕禺賱鬲賷賳	
ai,2,賰丕鬲亘丕賳	
ai,3,丕賱賲丐賱賮鬲賷賳	
ai,12,乇丕賮囟賷賳	
ai,6,賵丕賱賲丨丿賾孬賷賳	
ai,3,賲丨丕賮馗賷賳	
ai,1,丕賱丕賷丕賱鬲賷賳	
ai,11,丕賱爻噩賱丕賳	
ai,11,丕賱賲賵噩賵丿丕賳	
ai,11,丕賱廿丿丕乇賷丕賳	
ai,15,賲爻賱胤賻賷賳	
ai,3,丕賱爻丕丨鬲丕賳	
ai,6,賵賲丿乇亘賷賳	
ai,5,毓乇亘賷賷賳	
ai,5,鬲賵賱賷丿賷賷賳	
ai,2,賰禺夭丕賳	
ai,4,賲鬲賲賷夭丕賳	
ai,4,兀丿亘賷丕賳	
ai,4,卮賰賱丕賳	
ai,6,賷賲鬲夭噩丕賳	
ai,3,賷賳丿賲噩丕賳	
ai,2,賲賮鬲乇囟賷賳	
ai,6,亘丕賱賲鬲賱賯賷賳	
ai,5,丕賱賲賰鬲卮賮賷賳	
ai,2,氐賵鬲賷鬲賷賳	
ai,6,賮丕賱賯賵丕賳賷賳	
ai,6,賵賮賯賷賴賷賳	
ai,1,丕賱鬲賮賰賷賰賷賷賳	
ai,5,賵丕賱賳丕賯賱賷賳	
ai,7,噩賵賴乇賷鬲丕賳	
ai,6,丕賱賲卮睾賱賷賳	
ai,2,丕賱賲丐爻爻賷賳	
ai,6,丕賱噩賳丕賳	
ai,5,廿爻賱丕賲賷賷賳	
ai,6,丕賱廿爻賱丕賲賷賻賷賳	
ai,8,賱賱賲丨賱賱賷賳	
ai,2,賮丕毓賱鬲賷賳	
ai,2,賰兀丿丕鬲賷賳	
ai,3,賷鬲賰丕賲賱丕賳	
ai,8,賮囟丕亍賷賳	
ai,6,丕賱賲賴乇亘賷賳	
ai,6,賰賮賵卅賷賳	
ai,6,賴噩賷賳	
ai,7,丕賱賲鬲乇卮丨賷賳	
ai,5,亘丕賱廿毓賱丕賳	
ai,4,亘蹖丕賳	
ai,13,丕賱賵丨賷丿賷賳	
ai,7,賵丕賱賲賳馗賲賷賳	
ai,6,丕賱兀亘賵賷賳	
ai,2,賵噩賷乇丕賳	
ai,3,廿匕毓丕賳	
ai,3,賵賱賱噩賷乇丕賳	
ai,3,賵亘噩賷乇丕賳	
ai,2,賲賴賷賳	
ai,3,賵丕賱賲賰賱賮賷賳	
ai,7,賲氐賱丨鬲丕賳	
ai,14,賱賱賲賱夭賲賷賳	
ai,14,丕賱賲賱鬲夭賲賷賳	
ai,14,賲鬲賵丕夭賳鬲賷賳	
ai,10,丕賱胤乇丨賷賳	
ai,5,賲爻丕賴賲賷賳	
ai,7,丕賱廿賳爻丕賳賷賷賳	
ai,2,賷毓胤賷丕賳	
ai,5,賵丕賱賵胤賳賷賷賳	
ai,2,賱賱鬲毓賷賷賳	
ai,5,鬲丨賷賷賳	
ai,5,丕賱賲賳馗賵賲鬲賷賳	
ai,1,賵丕賱賴賷噩丕賳	
ai,6,丕賱賲賵賯毓賷賳	
ai,5,賰丕賱賯丕賳賵賳賷賳	
ai,3,賳丕胤賯賷賳	
ai,4,賵丕賱賲噩丕賴丿賷賳	
ai,4,賵丕賱賲亘賱睾賷賳	
ai,4,丕賱賲丨囟乇賷賳	
ai,7,賱賱鬲賲丕乇賷賳	
ai,3,丕賱兀賵賰爻噩賷賳	
ai,2,賲丿賮賵毓賷賳	
ai,4,丕賱賲賳丨乇賮賷賳	
ai,4,亘丕賱睾賷賳	
ai,4,賰賲噩乇賲賷賳	
ai,1,丕賱賲卮鬲睾賱賷賳	
ai,9,賲鬲乇丕丿賮丕賳	
ai,9,丕賱賲鬲賱丕夭賲賷賳	
ai,3,賱賱賲賮賰乇賷賳	
ai,5,丕賱賲丿乇賾爻賷賳	
ai,5,丕賱毓丕卮賯賷賳	
ai,2,丕賱乇賵賲丕賳爻賷賷賳	
ai,6,賱賱毓乇賮丕賳	
ai,2,鬲鬲毓賷賳	
ai,3,睾丕賮賱賷賳	
ai,12,丕賱鬲毓賷賷賳	
ai,13,賵丕賱禺丕氐賷賳	
ai,7,丕賱賲乇賯賷賳	
ai,9,賷購毓賻丿賾賻丕賳	
ai,8,賲鬲爻丕賵賷賳	
ai,12,賵丕賱賲爻鬲禺丿賻賲賷賳	
ai,1,兀賰丕賳	
ai,6,丕賱賲賲賵賱賷賳	
ai,5,賲賳鬲亘賴賷賳	
ai,2,賵賱鬲兀賲賷賳	
ai,8,賵丕賱賲毓賳賵賷賷賳	
ai,8,丕賱卮乇胤賷賳	
ai,4,丕賱賲毓賷丕乇賷賳	
ai,3,賱賲乇鬲賷賳	
ai,6,賲鬲鬲丕賱賷鬲賷賳	
ai,7,賷孬亘鬲丕賳	
ai,7,丕賱賯賵賱賷賳	
ai,8,賷毓鬲乇賮丕賳	
ai,12,亘丕賱亘乇賱賲丕賳	
ai,4,鬲噩爻丿丕賳	
ai,5,賵賲賵丕胤賳賷賳	
ai,1,丕賱賲鬲毓賱賯鬲賷賳	
ai,4,賵丕賱賲丿丕賮毓賷賳	
ai,4,賲爻賱賾胤賷賳	
ai,8,賱夭賲丕賳	
ai,4,胤賵賮丕賳	
ai,2,賰賲卮乇毓賷賳	
ai,12,賵鬲鬲亘丕賷賳	
ai,1,丿賱丕賱鬲賷賳	
ai,3,丕毓鬲亘丕乇賷賷賳	
ai,4,亘購毓丿賷賳	
ai,1,賷賵乇睾賷賳	
ai,5,賵廿毓賱丕賳	
ai,17,賵丕賱賲丐賲賳賷賳	
ai,5,亘爻賱胤鬲賷賳	
ai,8,賯丿乇鬲賷賳	
ai,2,賵丕賱亘乇賵鬲賷賳	
ai,1,賵丕賱兀賰爻噩賷賳	
ai,1,亘賱亘賳丕賳	
ai,5,丕賱賲禺鬲賱賮鬲賷賳	
ai,5,賱賲賱丕賷賷賳	
ai,4,賷毓丕賳賷丕賳	
ai,5,丕賱賰丕賮賷賷賳	
ai,12,丕賱鬲氐乇賮賷賳	
ai,6,賲購賱賯賷賳	
ai,1,亘丕賱兀乇賰丕賳	
ai,5,丕賱賲丨丿丿賷賳	
ai,5,亘丕賱廿胤丕乇賷賳	
ai,5,亘卮賯賷賳	
ai,5,丕賱賯乇丕賳	
ai,5,賰賻丕賳	
ai,13,亘丕賱賲丿賳賷賷賳	
ai,4,賱賯賲丕賳	
ai,4,賷鬲賳丕賮爻丕賳	
ai,5,丕賱賲賳鬲賮毓賷賳	
ai,11,丕賱鬲賯賱賷丿鬲賷賳	
ai,3,鬲噩賱賷賷賳	
ai,9,丕賱禺丕賱賯賷賳	
ai,4,賷鬲胤賱亘丕賳	
ai,3,賳賲胤賷賳	
ai,5,亘賲賮賰乇賷賳	
ai,7,賲爻丕毓賷賳	
ai,7,丕賱賲噩乇亘賷賳	
ai,3,賵丕賱噩丿乇丕賳	
ai,4,亘賲亘丕賳	
ai,4,丕賱賲賴賷賲賳賷賳	
ai,2,賲賲賷夭賷賳	
ai,6,丕賱賲乇鬲丨賱賷賳	
ai,6,丕賱賲卮乇賯賷賷賳	
ai,7,賲爻鬲賮賷丿賷賳	
ai,4,丕賱賲睾丕乇亘賷丕賳	
ai,6,賵睾賷賱賷夭丕賳	
ai,6,賰乇賲丕賳	
ai,5,睾賷賱賷夭丕賳	
ai,3,賲購爻鬲毓賷賳賷賳	
ai,7,丕賱賲購鬲乇噩賲賷賳	
ai,3,丨賳賷賳	
ai,2,賱賲爻丐賵賱賷賳	
ai,2,賲睾丕乇亘賷丕賳	
ai,1,賰賵噩賴賷賳	
ai,4,賵丕賱賲鬲賵爻胤賷賳	
ai,4,賱賱賲賯丕賵賱賷賳	
ai,3,賲爻鬲賵丨賷賳	
ai,3,賵丕賱丿乇丕爻賷賳	
ai,4,賵賷鬲兀孬乇丕賳	
ai,6,賱丕賮鬲賷賳	
ai,8,賲鬲賵乇胤賷賳	
ai,8,賳丕賯丿賷賳	
ai,3,鬲亘賾賷賳	
ai,7,丿乇丕爻賷鬲賷賳	
ai,2,賲鬲亘賳賷賳	
ai,5,乇賲夭賷賳	
ai,4,丕賱鬲噩丕乇賷鬲賷賳	
ai,4,丕賱毓賱丕賲鬲賷賳	
ai,8,丕賱賱睾賵賷鬲賷賳	
ai,8,賱睾賵賷鬲賷賳	
ai,1,賲丕毓賷賳	
ai,12,賱賮賯丿丕賳	
ai,3,賲乇噩毓賷賳	
ai,8,囟乇賷亘賷賷賳	
ai,8,賲乇丕噩毓賷賳	
ai,5,丕賱毓乇亘賷鬲賷賳	
ai,3,丕賱賱賾賽爻賻丕賳	
ai,7,丕賱兀賲乇賷賰賷鬲丕賳	
ai,12,鬲馗賴乇丕賳	
ai,12,丕賱兀噩賳亘賷鬲賷賳	
ai,12,兀噩賳亘賷鬲丕賳	
ai,12,賵丕孬賳鬲丕賳	
ai,3,丕賱夭賲賳賷鬲賷賳	
ai,13,丕賱賲賮鬲卮賷賳	
ai,2,亘胤乇賷賯鬲賷賳	
ai,8,丕賱賲鬲丿丕賵賱賷賳	
ai,7,賱賱賲亘丨賵孬賷賳	
ai,2,丕賱賱賾爻丕賳	
ai,3,賮氐賷賱鬲賷賳	
ai,3,兀賵乇賵亘賷賷賳	
ai,2,賮氐賷賱鬲丕賳	
ai,4,丕賱兀賵乇亘賷賷賳	
ai,2,丕賱賲乇亘賷賷賳	
ai,6,賵丕賱乇賷丕囟賷賷賳	
ai,9,兀禺氐丕卅賷賷賳	
ai,7,丕賱賲賰鬲爻亘丕賳	
ai,11,賲賱鬲夭賲賷賳	
ai,9,丕賱賲賰賵賳賷賳	
ai,5,丕賱賮丕卅夭賷賳	
ai,8,賵丕賱賳丕卮卅賷賳	
ai,5,賲氐賲賲丕賳	
ai,5,賲賯賷丕爻丕賳	
ai,2,賱乇賷丕囟賷賷賳	
ai,1,賲卮乇賮賷賳	
ai,7,丕賱賲鬲爻乇亘賷賳	
ai,4,丕賱賲丨賰賲鬲丕賳	
ai,4,噩丿賷丿鬲丕賳	
ai,4,丿賵賱賷鬲丕賳	
ai,4,賲丨賰賲鬲丕賳	
ai,5,丿賵賱賷鬲賷賳	
ai,5,賲丨賰賲鬲賷賳	
ai,9,亘爻乇賷丕賳	
ai,6,賷鬲丨賯賯丕賳	
ai,3,賵賲亘鬲賰乇賷賳	
ai,3,賲鬲賯丿賲賷賳	
ai,1,賱賱賲爻鬲兀噩乇賷賳	
ai,4,賱賱毓賷賳	
ai,4,乇卅賷爻賷賻賷賳	
ai,4,毓丕賱賻賲賷賳	
ai,5,賲鬲賵賮賷賳	
ai,6,丕賱賲賮爻丿鬲賷賳	
ai,6,丕賱爻賱丕賲鬲賷賳	
ai,6,丕賱賲乇囟賷賳	
ai,3,丕賱囟乇乇賷賳	
ai,7,丕賱賲乇鬲亘鬲賷賳	
ai,8,丕賱賲囟乇賵乇賷賳	
ai,4,賵丕賱賲鬲禺賱賮賷賳	
ai,4,賵丕賱賲噩丕賳賷賳	
ai,6,賲賷鬲賷賳	
ai,9,丕賱禺丕氐賷賳	
ai,9,兀爻賱賵亘賷賳	
ai,6,丕賱賯氐賷乇鬲賷賳	
ai,2,兀丨丕賷賷賳	
ai,3,丕賱賲夭賷賮賷賳	
ai,5,賱賱賲賮鬲賷賳	
ai,2,丕賱賲賲孬賱賷賳	
ai,3,丕賱賲鬲賵賮賷賷賳	
ai,2,亘賲毓丕賳	
ai,4,賵丕賱賲賰鬲卮賮賷賳	
ai,2,丕賱孬賱丕孬賷賳	
ai,6,廿賳鬲丕噩賷鬲賷賳	
ai,4,賰賲乇丕噩毓賷賳	
ai,4,丕賱胤賲賵丨賷賳	
ai,14,賱毓賲賱賷賳	
ai,5,丕賱賲賳胤賯賷賷賳	
ai,5,丕賱賵囟毓賷賷賳	
ai,14,賲乇賰夭賷賷賳	
ai,11,噩夭亍丕賳	
ai,22,賷賱鬲賯賷丕賳	
ai,17,賵賲鬲賰丕賲賱賷賳	
ai,8,賲丨賮夭賷賳	
ai,4,賵賴丕鬲賷賳	
ai,7,賲鬲亘丕賷賳丕賳	
ai,6,賲鬲毓丕乇囟丕賳	
ai,10,賷鬲噩夭兀丕賳	
ai,10,賷馗賴乇丕賳	
ai,20,賷購毓乇囟丕賳	
ai,6,賵鬲丨賷賷賳	
ai,8,賲賰賵賳鬲賷賳	
ai,11,亘賯賷丕爻賷賳	
ai,2,賷鬲賱賯賷賳	
ai,4,丕賱爻賷賰賵賲鬲乇賷賷賳	
ai,8,賵鬲噩乇賷亘賷鬲賷賳	
ai,9,賵賲賰丕賮卅鬲賷賳	
ai,7,賯丕亘賱賷賳	
ai,4,丕賱丿丕禺賱賷賳	
ai,7,賵丕賱囟毓賷賮賷賳	
ai,7,賱丨爻賷賳	
ai,14,賲賳賮匕賷賳	
ai,14,賱賱賲卮乇賮賷賳	
ai,8,賱賱兀毓賵丕賳	
ai,4,丕賱賵爻賷賱鬲賷賳	
ai,4,賷胤乇丨丕賳	
ai,5,鬲丿乇賷爻賷賷賳	
ai,9,賱賲賴丕乇鬲賷賳	
ai,6,丕賱廿賯賱賷賲賷賷賳	
ai,3,賲鬲賲丕孬賱鬲賷賳	
ai,5,鬲鬲亘賷賳	
ai,6,丨賳丕賳	
ai,1,賮賱丕賳	
ai,9,賰賱丕爻賷賰賷賷賳	
ai,9,亘賱丕睾賷賷賳	
ai,6,鬲毓丕賳賷丕賳	
ai,8,丕賱丨丕賱鬲丕賳	
ai,4,丕賱賲鬲賳亘卅賷賳	
ai,5,賱賱賲丿乇爻賷賳	
ai,5,丕賱賲賳賴丕噩賷賳	
ai,2,賵賲鬲禺氐氐賷賳	
ai,1,賲賰賱賵賴丕賳	
ai,5,賲鬲賮卮賷賷賳	
ai,3,亘丕賱賲賳馗乇賷賳	
ai,5,丕賱賲賴丕乇鬲賷賳	
ai,3,丕賱賷丕亘丕賳	
ai,8,丕賱賲噩賱爻賷賳	
ai,15,賵丕賱賳丕禺亘賷賳	
ai,3,賱賵賳噩賲丕賳	
ai,5,兀賵丕賳	
ai,2,賲丕賰賱賵賴丕賳	
ai,1,賲賱賲賷賳	
ai,9,丕賱丨丕爻賲鬲賷賳	
ai,4,亘丕賱鬲毓賯賷丿賷賳	
ai,4,賵丕賱賲賱鬲丨賯賷賳	
ai,3,禺乇賷噩賷賳	
ai,2,亘賲囟丕賲賷賳	
ai,15,賵丕賱賲爻鬲賯亘賱賷賳	
ai,15,丕賱賲乇爻賱賷賳	
ai,15,丕賱賲爻鬲賯亘賱賷賳	
ai,8,賰丕賱賲購賳禺乇胤賷賳	
ai,1,賲噩丕賳	
ai,3,丕賱丕賳胤賵丕卅賷賷賳	
ai,3,賱乇賵賱丕賳	
ai,1,丕賱亘賷乇賷賳	
ai,2,賵丕賱賮丕鬲丨賷賳	
ai,3,賵丕賱丨爻賷賳	
ai,12,賵賲賷丕丿賷賳	
ai,12,賲睾賮賱賷賳	
ai,12,賱丕爻鬲亘賷丕賳	
ai,4,賵丕賱賴匕賷丕賳	
ai,4,亘夭賷丿丕賳	
ai,3,噩丿賷乇賷賳	
ai,6,丕賱毓乇賵囟賷賾賷賳	
ai,3,亘丕賱賴噩賷賳	
ai,7,賱賱賴噩賷賳	
ai,5,亘丕賱毓氐賷丕賳	
ai,6,丕賱卮賴賷乇賷賳	
ai,6,爻賳爻鬲毓賷賳	
ai,6,賵丕賱賲賳賰乇賷賳	
ai,6,丕賱賲孬亘鬲賷賳	
ai,3,丕賱賯氐丕氐賷賳	
ai,6,賷毓丕賷賳	
ai,3,丕賱賲賮爻賾乇賷賳	
ai,4,賲賰賷賳	
ai,3,囟乇亘賷賳	
ai,3,賵賷毓鬲賲丿丕賳	
ai,2,馗賱丕賲鬲賷賳	
ai,3,賱毓夭丕賱丿賷賳	
ai,6,丕賱賲丨賵乇賷鬲賷賳	
ai,4,賵丕賱兀賮丕賳賷賳	
ai,5,亘丕賱賲賳丕賮爻賷賳	
ai,3,丕賱賲賲夭賵噩賷賳	
ai,2,丕賱孬毓亘丕賳	
ai,1,丕賱丨乇賮賷賳	
ai,4,丕賱賱睾賵賷丕賳	
ai,7,丕賱睾乇亘賷丕賳	
ai,5,賲購亘乇夭賷賳	
ai,6,賲購爻鬲毓乇囟賷賳	
ai,1,賲丕賴乇賷賳	
ai,5,噩夭亍賷賳	
ai,1,賵丕賱廿賲賰丕賳	
ai,5,丕賱賲丕丿賷賷賳	
ai,3,丕賱兀禺乇賷賳	
ai,6,賰鬲乇噩賲丕賳	
ai,4,賱賱兀禺乇賷賳	
ai,3,氐賷賳賷賷賳	
ai,3,賲噩賲賾毓賷賳	
ai,4,賲丐賷丿賷賳	
ai,6,賷丨賵賾賱丕賳	
ai,6,賲鬲賵爻胤賷賳	
ai,2,廿賷賵丕賳	
ai,1,賵孬賱丕孬賷賳	
ai,4,賵丕賱賲毓賱賯賷賳	
ai,13,賵丕賱賲購丨賱賱賷賳	
ai,13,賱賱賲購氐賳賾毓賷賳	
ai,5,丕賱賲爻鬲卮賮賷賷賳	
ai,3,丕賱賲賳賵賲賷賳	
ai,8,亘丕賱賲賷夭丕賳	
ai,9,賲胤亘賯賷賳	
ai,8,賵賱鬲丕賲賷賳	
ai,4,賵丕賱賲卮乇賾毓賷賳	
ai,5,丕賱賲賯鬲乇囟賷賳	
ai,2,禺丿賲鬲賷賳	
ai,6,賷賯毓丕賳	
ai,7,賯丕賳賵賳賷鬲賷賳	
ai,7,氐賷丕睾鬲賷賳	
ai,5,鬲爻丕毓丿丕賳	
ai,3,賱賱廿爻賰丕賳	
ai,5,丕賱賲乇丐賵爻賷賳	
ai,6,亘丕賱賲爻丐賵賱賷賳	
ai,8,丕賱賮丕卅丿鬲賷賳	
ai,8,賵賲丿賷賳	
ai,3,鬲毓丿賷賳	
ai,6,賮乇毓賷賳	
ai,14,丕賱賲賯鬲賳賷賳	
ai,2,亘賮賯乇鬲賷賳	
ai,9,丕賱賲爻丐賵賱賷鬲賷賳	
ai,6,賷囟賷賮丕賳	
ai,6,丌禺匕賷賳	
ai,3,賰丕賱賯賵丕賳賷賳	
ai,2,賱賱賲囟乇賵乇賷賳	
ai,13,賵丕賱賳賯氐丕賳	
ai,7,賷賳賯賱丕賳	
ai,4,賮賷鬲毓賷賳	
ai,11,賷乇賮毓丕賳	
ai,5,賵卮丕賴丿賷賳	
ai,6,丕賱賲乇鬲亘胤賷賳	
ai,8,丕賱賲爻鬲噩賵亘賷賳	
ai,3,乇賴賷賳	
ai,2,丕賱丿丕卅賲賷賳	
ai,3,丕賱噩賷丿賷賳	
ai,1,賵丕賱賲爻噩賱賷賳	
ai,2,賲丕夭賮乇丕賳	
ai,11,賱賱賲氐賲賲賷賳	
ai,9,賵賵丕毓賷賷賳	
ai,9,賲胤賱毓賷賳	
ai,9,賵賲亘丿毓賷賳	
ai,6,賷爻賷乇丕賳	
ai,6,丕賱兀賰丕丿賷賲賷鬲賷賳	
ai,6,丕賱賲賳氐鬲賷賳	
ai,4,丕賱賯丕胤賳賷賳	
ai,10,亘丕賱氐賷賳	
ai,9,丕賱賲丨丕爻亘賷賷賳	
ai,8,丕賱賲噩賲賵毓鬲丕賳	
ai,8,丕賱丿賵乇賷賳	
ai,8,賵丕賱賲鬲賲丿乇爻賷賳	
ai,5,賵丕賱賯丕丿賲賷賳	
ai,5,丕賱賮乇毓賷賷賳	
ai,4,亘丕賱賲爻鬲禺丿賲賷賳	
ai,4,爻丕卅丿賷賳	
ai,5,賵丕賱丕鬲夭丕賳	
ai,2,丕賱丕丿賷丕賳	
ai,8,丕賱丕毓賱丕賳	
ai,2,賵丕賱丿亘賱賵賲丕爻賷賷賳	
ai,9,賵賷毓丕賳賷賳	
ai,7,鬲毓丕賳賷賳	
ai,7,賱賱賲賯賷丕爻賷賳	
ai,5,丿丕賮毓賷賳	
ai,5,丿丕賮毓丕賳	
ai,1,賱賱賲丨亘賵爻賷賳	
ai,4,丕賱賲鬲賳賯賱賷賳	
ai,8,賲亘丿卅賷賳	
ai,1,賱賱賲毓鬲丿賷賳	
ai,2,亘鬲孬賲賷賳	
ai,3,賷氐丕乇毓丕賳	
ai,3,亘夭賵噩賷賳	
ai,3,賰丕賱丨乇賲丕賳	
ai,7,丕賱賲購爻丕賴賲賷賳	
ai,3,丕賱賲丕賳毓賷賳	
ai,4,賵丕賱賵賱丿丕賳	
ai,4,亘丕賱丕卅鬲賲丕賳	
ai,4,丕賱賲賱鬲丨賯賷賳	
ai,4,丌賲賱賷賳	
ai,3,丕賱鬲卮乇賷毓賻賷賳	
ai,11,賵丕賱賲胤賵乇賷賳	
ai,11,丕賱賲亘丕丿乇賷賳	
ai,4,囟禺賲賷賳	
ai,2,亘亘乇賳丕賲噩賷賳	
ai,1,賳丕丿乇賷賳	
ai,5,賲孬丕賱賷賳	
ai,3,丕賱噩夭丕卅乇賷鬲賷賳	
ai,4,亘兀孬賲丕賳	
ai,9,胤賴乇丕賳	
ai,1,賱賱賲亘賷囟賷賳	
ai,7,鬲爻丕丐賱賷賳	
ai,2,賱賱賲賳鬲賮毓賷賳	
ai,4,亘丕賱賲乇爻賵賲賷賳	
ai,7,賱賱噩丕賳亘賷賳	
ai,6,賱噩丕賳亘賷賳	
ai,13,丕賱兀爻丕爻賷賳	
ai,7,賵丕賱亘乇賷胤丕賳賷賷賳	
ai,5,鬲丐賰丿丕賳	
ai,6,丕賱賲爻鬲丿丕賲賷賳	
ai,5,兀氐賱賷賷賳	
ai,5,丕賱賲毓鬲亘乇賷賳	
ai,6,丕賱賱賾賽毓丕賳	
ai,9,賵丕賱亘胤賱丕賳	
ai,2,賲毓乇亘賷賳	
ai,2,賵丕賱賲鬲賲乇丿賷賳	
ai,2,丕賱賲鬲賲乇丿賷賳	
ai,2,亘丕賱毓丿賵丕賳	
ai,1,毓丿賵丕賳	
ai,4,賵鬲卮賰賱丕賳	
ai,4,丕賱賵爻賷賱鬲丕賳	
ai,12,丕賱噩夭丕卅賷賷賳	
ai,5,丕賱爻丕賲賷賳	
ai,7,賯囟賷鬲賷賳	
ai,1,賳丕亘毓賷賳	
ai,9,賱賱賲禺丕賱賮賷賳	
ai,4,丕賱賯丕賳賵賳賷丕賳	
ai,4,丕賱廿胤丕乇丕賳	
ai,4,賵賯丕賳賵賳賷賷賳	
ai,4,丕賱賲亘丿卅丕賳	
ai,4,賵丕賯鬲氐丕丿賷賷賳	
ai,7,賲匕賴亘賷賳	
ai,4,賵丕賱丕卅鬲賲丕賳賷賷賳	
ai,12,賷丐賰丿丕賳	
ai,12,丕賱丿爻鬲賵乇賷賳	
ai,3,賵丕賱賲鬲毓丕賯丿賷賳	
ai,6,賵丕賱賮賱爻胤賷賳賷賷賳	
ai,3,賲丨鬲賲賱賷賳	
ai,3,賰乇賰賳賷賳	
ai,2,丕賱賲購丨丿賾賽孬賷賳	
ai,2,賱賱賲購丨丿賾賽孬賷賳	
ai,3,賱賱賲丨丿賾賽孬賷賳	
ai,3,亘丕賱賲丨丿賾賽孬賷賳	
ai,7,丕賱賲丨賱賮賷賳	
ai,7,賱賱賲丨丕賲賷賳	
ai,3,賵丕賱賲賲賵賱賷賳	
ai,5,亘丕賱鬲亘丕賷賳	
ai,2,丕賱賲購爻鬲禺丿賲賷賳	
ai,5,丕賱賲毓賷賳賷賳	
ai,10,丕賱賲賳鬲禺亘賷賳	
ai,5,賵丕賱賲爻鬲賵乇丿賷賳	
ai,7,丕賱賳馗丕賲鬲賷賳	
ai,2,丕賱丕禺鬲氐丕氐賷賳	
ai,2,丕賱夭乇丕毓賷賷賳	
ai,2,賰賲賴丕噩乇賷賳	
ai,5,丕賱賲賴賲鬲賷賳	
ai,6,丿爻鬲賵乇賷賷賳	
ai,5,賱賱賲賮丕賵囟賷賳	
ai,8,丕賱禺丕胤賮賷賳	
ai,8,賱賱禺丕胤賮賷賳	
ai,3,丕賱噩賳丕卅賷賷賳	
ai,3,賷爻毓賷賳	
ai,6,丕賱賲丨丕賮馗賷賳	
ai,4,丕賱丕賱鬲夭丕賲賷賳	
ai,5,丕賱鬲夭丕賲賷賳	
ai,10,賳卮胤賷賳	
ai,9,賳賯胤鬲賷賳	
ai,5,賲氐丕乇毓賷賳	
ai,5,賵丕賱賲卮鬲乇賰賷賳	
ai,11,丕賱賲氐丕乇毓賷賳	
ai,11,賱賱賲氐丕乇毓賷賳	
ai,9,賵丕賱兀乇卮賷賮賷賷賳	
ai,9,丕賱賲匕賳亘賷賳	
ai,3,賵丕賱賲賰鬲亘賷賳	
ai,5,賵賲丿賷乇賷賳	
ai,7,賲賴丕噩乇賷賳	
ai,4,亘丕賱丨賳賷賳	
ai,2,賱賱丨賳賷賳	
ai,9,賲鬲賳丕賯囟鬲賷賳	
ai,3,賱賱爻賳賷賳	
ai,4,兀爻丕爻賷賻賷賳	
ai,4,賰賲丨乇賰賻賷賳	
ai,5,丕賱丨丿賷賳	
ai,8,鬲購卮賰賾賱丕賳	
ai,8,乇卅賷爻賷賾鬲賷賳	
ai,8,丕賯鬲氐丕丿賷賾鬲賷賳	
ai,2,賰賵夭賱賷賳	
ai,6,賱卮賷亘丕賳	
ai,4,賵丕賱爻賵丿丕賳賷賷賳	
ai,7,丕賱賱賷亘賷賷賳	
ai,7,賵丕賱鬲卮丕丿賷賷賳	
ai,2,丕賱毓丕夭賮賷賳	
ai,5,丕賱兀賮乇賷賯賷賷賳	
ai,7,丕賱賯丿賲賷賳	
ai,5,賱賱賲丨丕乇亘賷賳	
ai,5,丕賱賲胤丕賱亘賷賳	
ai,11,爻丕毓鬲賷賳	
ai,8,鬲賷丕乇丕賳	
ai,1,賱兀夭賲丕賳	
ai,1,賵丕賱爻鬲賷賳	
ai,3,賱賱夭賷亘丕賳	
ai,4,廿亘賾丕賳	
ai,4,丕賱賲賷丿丕賳賷賷賳	
ai,7,賳丕賯賱賷賳	
ai,7,賲鬲噩丕賵夭賷賳	
ai,7,毓丕亘乇賷賳	
ai,7,孬賯丕賮賷賷賳	
ai,14,賵賱賱毓丕賲賱賷賳	
ai,1,丕賱鬲乇噩賲丕賳	
ai,9,賲丿賷乇賷賳	
ai,6,賵賲夭丕乇毓賷賳	
ai,7,丕賱丿賷賳賷賳	
ai,6,賲亘乇夭賷賳	
ai,6,亘丕賱賷爻賵毓賷賷賳	
ai,12,賵丕賱賲乇丐賵爻賷賳	
ai,6,賵丕賱賲亘丿毓賷賳	
ai,6,丕賱賲氐賲賲賷賳	
ai,11,丕賱賲賯乇囟賷賳	
ai,11,賵丕賱賲賯鬲乇囟賷賳	
ai,9,賵丕賱賲賯乇囟賷賳	
ai,4,丕賱賲購鬲賴賲賷賳	
ai,4,賱賱賲購鬲賴賲賷賳	
ai,3,賱爻乇賷丕賳	
ai,4,賱賱爻賷丕爻賷賷賳	
ai,2,丕賱丕鬲賮丕賯賷鬲賷賳	
ai,9,賲鬲卮丕亘賰賷賳	
ai,5,賵兀賰丕丿賷賲賷賷賳	
ai,3,賷毓賷丿丕賳	
ai,4,賵賲爻鬲禺丿賲賷賳	
ai,5,賷鬲丿丕禺賱丕賳	
ai,8,賱賱兀爻鬲丕匕賷賳	
ai,3,賲鬲賱丕夭賲鬲丕賳	
ai,4,丕賱賲賮丕賴賷賲賷賳	
ai,2,賷賳鬲賲賷賳	
ai,5,賱賱賲鬲毓丕胤賷賳	
ai,2,賱賱兀禺氐丕卅賷賷賳	
ai,5,賲購禺鬲氐賷賳	
ai,5,丕賱賲購禺鬲氐賷賳	
ai,7,丕賱爻丕毓賷賳	
ai,3,卮賴賷乇鬲賷賳	
ai,3,賲賯賵賱鬲賷賳	
ai,8,丕賱毓賳賵丕賳丕賳	
ai,3,賰賲毓賵賯賷賳	
ai,5,丕賱賲鬲賰乇乇賷賳	
ai,6,丕賱毓丕卅丿賷賳	
ai,3,賷購亘丿賷賳	
ai,4,賲丿賷賳鬲賷賳	
ai,7,賵賳賮爻賷賷賳	
ai,7,賵兀禺氐丕卅賷賷賳	
ai,8,丕賱丨賷賵賷賷賳	
ai,7,賲毓賲丕乇賷賷賳	
ai,7,賲賴賳丿爻賷賳	
ai,3,賵丕賱鬲賰賳賵賱賵噩賷賷賳	
ai,8,賰賲丿賲賳賷賳	
ai,7,亘丕賱匕賷賳	
ai,8,丕賱卮賯賷賯賷賳	
ai,1,賵丕賱胤睾賷丕賳	
ai,4,賱賱賲鬲賵乇胤賷賳	
ai,5,賱賱賲氐賳毓賷賳	
ai,3,賱賵爻賷丕賳	
ai,7,賵兀賵夭丕賳	
ai,5,賵丕賱乇賳賷賳	
ai,9,賲爻鬲毓乇亘賷賳	
ai,8,兀賵夭丕賳	
ai,8,亘丕賱乇賳賷賳	
ai,4,亘賷卅賷賷賳	
ai,5,丕賱丿爻鬲賵乇賷賷賳	
ai,1,丕賱賲噩鬲賴丿賷賳	
ai,3,賵丕賱丕賲鬲賷丕夭賷賷賳	
ai,2,賵丕賱賲禺鬲乇毓賷賳	
ai,8,賵賳丕卮胤賷賳	
ai,2,亘丕賱亘乇丕賴賷賳	
ai,5,賲丨丕賲賷賳	
ai,3,賴丕賲賷賳	
ai,4,亘丕賱賵賱丿丕賳	
ai,5,丕賱賵丕毓丿賷賳	
ai,7,丕賱賳禺亘賵賷賷賳	
ai,5,卮乇毓賷賷賳	
ai,4,賲賳賮氐賱賷賳	
ai,4,賰賷丕賳賷賳	
ai,3,賲購賴賲賱賷賳	
ai,1,丕賱乇爻鬲賲賷賷賳	
ai,3,丕賱噩夭丕卅乇賷賻賷賳	
ai,5,賵賲鬲丨丿孬賷賳	
ai,5,亘丕賱爻賳賷賳	
ai,6,丕賱賮鬲賷丕賳	
ai,7,丕賱賲賯賵賱鬲賷賳	
ai,8,賵賲鬲丿丕禺賱鬲賷賳	
ai,8,賲鬲賲丕賷夭鬲賷賳	
ai,3,鬲賵夭丕賳	
ai,2,丕賱卮毓亘賷賷賳	
ai,8,賱乇賵賲丕賳	
ai,4,賵丕賱爻賰賾丕賳	
ai,3,亘丕賱毓丕賱賲賷賳	
ai,4,賵丕賱賲丨乇乇賷賳	
ai,5,賷鬲卮丕亘賴丕賳	
ai,14,賲卮賰賱賷賳	
ai,4,賱鬲賱賲爻丕賳	
ai,4,丕賱賲毓鬲賯賱賷賳	
ai,7,賱賱賲匕賴亘賷賳	
ai,3,賷爻鬲賳丿丕賳	
ai,4,丕賱毓丕賲乇賷賷賳	
ai,1,賱賱卮丕毓乇賷賳	
ai,4,丕賱卮毓乇賷賳	
ai,1,賱乇賵丕賷鬲賷賳	
ai,12,鬲毓賰爻丕賳	
ai,12,丕賱乇卅賷爻賷鬲賷賳	
ai,12,賷賲賳賷鬲賷賳	
ai,8,賵鬲賯丿賲丕賳	
ai,8,鬲爻賴賲丕賳	
ai,6,賱賱賳賲賵匕噩賷賳	
ai,5,丕賱禺胤丕亘賷賳	
ai,7,賱賱賲氐胤賱丨賷賳	
ai,7,賱賲氐胤賱丨賷賳	
ai,7,丕賱賲毓賱賾賽賲賷賳	
ai,7,丕賱丕賯鬲氐丕丿賷鬲賷賳	
ai,5,賲乇鬲賮毓賷賳	
ai,8,丕賱鬲賳馗賷賲賷賷賳	
ai,3,賵賲卮乇賮賷賳	
ai,9,毓丕賱賷賷賳	
ai,11,丕賱賲爻鬲賴丿賮鬲賷賳	
ai,4,賵丕賱賮夭丕賳	
ai,10,亘賲賵丕夭賷賳	
ai,11,賲賲乇囟賷賳	
ai,4,亘丕賱賲丿賯賯賷賳	
ai,4,賱賱賲睾鬲乇亘賷賳	
ai,4,亘毓購賲丕賳	
ai,6,賲賳丿賮毓賷賳	
ai,4,丕賱乇爻賲賷賷賳	
ai,3,丕賱爻賳賵爻賷賷賳	
ai,3,賱賱賱賷亘賷賷賳	
ai,5,鬲賳賮賷匕賷賳	
ai,4,亘丕賱賲爻鬲孬賲乇賷賳	
ai,7,鬲賳賮賷匕賷賷賳	
ai,7,丕賱爻賱賷賲賷賳	
ai,6,賵丕賱賲丨丿丿賷賳	
ai,2,丕賱賲賷賰丕賳賷賰賷賷賳	
ai,4,賵鬲賲丕乇賷賳	
ai,8,亘丕賱賱丕毓亘賷賳	
ai,3,亘丕賱丕賯鬲氐丕丿賷賳	
ai,7,丕賱賲鬲丿乇亘賷賳	
ai,10,亘丕賱丕毓賱丕賳	
ai,6,鬲賲乇賷賳	
ai,6,賵丕賱賲匕賷毓賷賳	
ai,8,丕賱鬲噩乇賷亘賷鬲賷賳	
ai,4,鬲賲鬲賱賰丕賳	
ai,8,丕賱毓丕賲賱丕賳	
ai,6,丕賱賲爻卅賵賱賷賳	
ai,3,丕賱爻丕丨鬲賷賳	
ai,5,賵丕賱鬲丿禺賷賳	
ai,7,丕賱賲氐賳賮賷賳	
ai,10,賯賷丕爻賷丕賳	
ai,10,丕爻鬲亘賷丕賳丕賳	
ai,4,賱賱賲賷丿丕賳	
ai,6,賵丕賱賲賷丿丕賳	
ai,4,氐丨賷賷賳	
ai,4,丕賱兀賳鬲乇亘賵賱賵噩賷賷賳	
ai,3,賵丕賱賵丕賮丿賷賳	
ai,2,賰兀賳賲賵匕噩賷賳	
ai,7,丕賱鬲孬賲賷賳	
ai,4,毓乇賷囟賷賳	
ai,6,賱賱賲丿乇爻鬲賷賳	
ai,9,賷鬲毓丕賷卮丕賳	
ai,10,賱賱鬲丿賷賳	
ai,6,丕賱賲鬲賱賯賷賷賳	
ai,6,賱賱賲鬲賱賯賷賷賳	
ai,5,亘丕賱兀丿賷丕賳	
ai,3,賵丕賱乇賵丕卅賷賷賳	
ai,10,賱賱賲賰鬲亘鬲賷賳	
ai,2,賲丿賱賵賱賷賳	
ai,4,丕賱噩丿賱賷賷賳	
ai,3,丕乇鬲賯賷賳	
ai,1,亘丕賱賲爻賷丨賷賷賳	
human,4,賱亘賷丕賳	
human,4,亘賷賳	
human,1,賱鬲丨爻賷賳	
human,2,賰丕賳	
human,3,鬲丨爻賷賳	
human,3,丕賱賲賵丕胤賳賷賳	
human,3,丕賱兀禺賷乇鬲賷賳	
human,3,丕賱爻賳鬲賷賳	
human,3,鬲亘賷賳	
human,6,賵丕賱兀賲丕賳	
human,6,丕爻鬲亘賷丕賳	
human,6,丕賱鬲丕亘毓賷賳	
human,6,丕賱丕爻鬲亘賷丕賳	
human,2,囟賲丕賳	
human,2,賵鬲丨爻賷賳	
human,9,丕賱賮丕卅丿鬲賷賳	
human,9,亘賲丿賷賳	
human,9,賵丕賱賲丿賷賳	
human,9,賵亘賷賳	
human,9,賵亘賷丕賳	
human,9,亘賷丕賳	
human,3,丕賱賲爻鬲賴賱賰賷賳	
human,1,賱囟賲丕賳	
human,2,丕賱賯賵丕賳賷賳	
human,7,丕賱鬲丕賲賷賳	
human,7,鬲丕賲賷賳	
human,7,賮乇毓賷賳	
human,7,丕賱廿賳爻丕賳	
human,7,丕賱氐賱丞貙賵亘賷丕賳	
human,5,賮丕賳	
human,5,賷亘賷賳	
human,5,丨賷賳	
human,1,亘鬲賰賵賷賳	
human,3,亘毓賷賳	
human,1,賯爻賲賷賳	
human,2,丕賱毓卮乇賷賳	
human,3,毓賳賵丕賳	
human,4,丕賱賲丕囟賷賷賳	
human,4,丕賱毓賯丿賷賳	
human,5,丕賱丕鬲賮丕賯賷鬲賷賳	
human,5,賴丕鬲賷賳	
human,7,鬲賰賵賷賳	
human,3,丕孬賳賷賳	
human,3,賱賲丨賵乇賷賳	
human,3,鬲亘賷丕賳	
human,14,爻乇賷丕賳	
human,14,丕賱賲爻鬲孬賲乇賷賳	
human,14,賵丕賱賲賴賲賱賷賳	
human,14,丕賱亘丕卅毓賷賳	
human,14,賱賱賮賱丕丨賷賳	
human,14,丕賱賮賱丕丨賷賳	
human,14,亘毓賳賵丕賳	
human,14,丕賱賲賵孬賯賷賳	
human,14,丕賱噩夭丕卅乇賷賷賳	
human,14,賱賱賲賳鬲噩賷賳	
human,17,丕賱囟賲丕賳	
human,17,賲賯鬲賳賷賳	
human,17,賵囟賲丕賳	
human,17,亘丕賱鬲兀賲賷賳	
human,17,丕賱鬲兀賲賷賳	
human,17,亘丕賱囟賲丕賳	
human,17,賵丕賱賲賰賱賮賷賳	
human,17,丕賱賯丕卅賲賷賳	
human,17,鬲兀賲賷賳	
human,3,禺丕囟毓賷賳	
human,3,賲毓賳賵賷賷賳	
human,3,胤亘賷毓賷賷賳	
human,2,賮賯丿丕賳	
human,6,丕賱廿毓賱丕賳	
human,6,賯丕丿乇賷賳	
human,6,兀乇賰丕賳	
human,9,丕賱兀丨賷丕賳	
human,9,賯賵丕賳賷賳	
human,4,丕賱賱丕夭賲賷賳	
human,4,卮乇胤賷賳	
human,4,兀賲乇賷賳	
human,3,賮賯乇鬲賷賳	
human,10,丕賱賲爻丐賵賱賷鬲賷賳	
human,10,丕賱賲賳鬲噩賷賳	
human,10,丕賱胤乇賮賷賳	
human,10,丕賱丕賯鬲氐丕丿賷賷賳	
human,10,丕賱兀毓賵丕賳	
human,3,丕賱賲卮乇賵毓賷賳	
human,3,賴匕賷賳	
human,3,賷鬲毓賷賳	
human,5,賵賰丕賳	
human,3,丕賱賲囟乇賵乇賷賳	
human,3,爻賳賷賷賳	
human,3,丕賱賲賴賳賷賷賳	
human,6,丨乇賲丕賳	
human,6,孬賱丕孬賷賳	
human,6,賵丕賱夭賵噩賷賳	
human,2,亘胤賱丕賳	
human,9,丕賱亘賱丿丕賳	
human,9,丕賱賲鬲兀禺乇賷賳	
human,9,賮賰丕賳	
human,8,丕賱夭賵噩賷賳	
human,8,丕賱夭賵噩丕賳	
human,6,鬲囟賲賷賳	
human,6,亘丕賱廿賳爻丕賳	
human,5,賵賷鬲毓賷賳	
human,17,丨賰賲賷賳	
human,17,卮賴乇賷賳	
human,17,丕賱丨賰賲賷賳	
human,17,賷毓賷賳	
human,17,鬲毓賷賷賳	
human,17,噩賵丕賳	
human,5,賷丿乇賰丕賳	
human,5,賮丕賱夭賵噩丕賳	
human,4,賲禺鬲氐賷賳	
human,4,丕賱賲毓賱賲賷賳	
human,6,賲毓丕賯賷賳	
human,6,亘賵賴乇丕賳	
human,6,丕賱賲氐丕亘賷賳	
human,6,賲鬲賵丕噩丿賷賳	
human,6,賵丕賱賵丕賱丿賷賳	
human,3,賱賴乇鬲賲丕賳	
human,3,丕賱賲賮賯賵丿賷賳	
human,3,丕賱賲毓鬲賯賱賷賳	
human,6,丕賱匕賷賳	
human,6,丕賱賲毓鬲丿賷賳	
human,6,丕賱亘賷賳	
human,7,丕賱賲丨丕爻亘賷賳	
human,7,丕賱鬲亘丕賷賳	
human,7,賰賲丨丕爻亘賷賳	
human,7,賵丕賱賲丐賴賱賷賳	
human,7,丕賱毓丕賲賱賷賳	
human,1,賱賱賲爻鬲孬賲乇賷賳	
human,3,丕賱賲賵馗賮賷賳	
human,3,賲毓鬲賲丿賷賳	
human,4,丕賱鬲丨爻賷賳	
human,4,丕賱賲鬲睾賷乇賷賳	
human,6,賱賱賲爻鬲賴賱賰賷賳	
human,6,丕賱賲爻鬲噩賵亘賷賳	
human,6,丕賱賲賴鬲賲賷賳	
human,6,丕賱賲爻鬲禺丿賲賷賳	
human,5,賵丕賱賲爻鬲孬賲乇賷賳	
human,5,丕賱賲鬲毓丕賲賱賷賳	
human,5,賵丕賱賲爻丐賵賱賷賳	
human,5,丕賱賲賮賰乇賷賳	
human,4,賳賵毓賷賳	
human,3,賱賱毓丕賲賱賷賳	
human,3,賱賱毓賭丕賲賱賷賳	
human,2,賲賳胤賱賯賷賳	
human,7,賱賱鬲兀賲賷賳	
human,4,丕賱丕卅鬲賲丕賳	
human,3,丕賱亘丕丨孬賷賳	
human,2,丕賱賲爻賳賷賳	
human,1,賮賳丕賳	
human,1,亘丕賱賲賵乇丿賷賳	
human,4,丕賱賲鬲丿禺賱賷賳	
human,4,丕賱賲丨賱賱賷賳	
human,5,毓賷賳	
human,5,丕賱賲亘丕卮乇賷賳	
human,5,丕賱賲爻鬲賮賷丿賷賳	
human,2,丕賱爻賰丕賳	
human,2,丕賱爻賷丕丨賷賷賳	
human,2,賱賱爻賰丕賳	
human,1,毓丕賱賷鬲賷賳	
human,3,賱鬲賰賵賷賳	
human,3,鬲賲賰賷賳	
human,4,噩夭卅賷賳	
human,4,丕賱賲賷丿丕賳	
human,1,丕賱賲爻噩賱賷賳	
human,2,賱丕賳	
human,4,賲毓賷賳	
human,4,丕賱賲賰丕賳	
human,4,賲賰丕賳	
human,3,亘丕爻鬲亘賷丕賳	
human,3,丕賱賲丿乇亘賷賳	
human,8,賲毓乇賵囟賷賳	
human,8,亘丕賱廿毓賱丕賳	
human,8,丕賱賲賷丕丿賷賳	
human,8,丕賱賲丨丿孬賷賳	
human,2,丕賱亘丕丨孬丕賳	
human,2,賮賱爻胤賷賳	
human,1,兀賷賳	
human,2,丕賱賲賳禺乇胤賷賳	
human,2,賲丕夭賮乇丕賳	
human,15,賵丕賱兀賰丕丿賷賲賷賷賳	
human,15,丕賱爻賵丿丕賳	
human,3,賲卮賰賱鬲賷賳	
human,3,丕賱丕賵乇亘賷賷賳	
human,3,丕賱兀賵乇亘賷賷賳	
human,2,賱賱賲囟丕賲賷賳	
human,7,賷鬲噩賴丕賳	
human,7,賲鬲乇丕亘胤賷賳	
human,7,賲賳賮氐賱賷賳	
human,7,賲賵囟賵毓賷賳	
human,7,丕賱噩丕賲毓賷賷賳	
human,3,鬲賱賲爻丕賳	
human,9,鬲亘丕賷賳	
human,9,賵丕賱賷丕亘丕賳	
human,9,亘丕賱氐賷賳	
human,3,丕賱廿丿丕乇賷賷賳	
human,3,丕賱賲乇丕賴賯賷賳	
human,3,賲噩賲賵毓鬲賷賳	
human,3,賵鬲賱賯賷賳	
human,8,丕賱賲囟丕賲賷賳	
human,8,丕賱丨爻亘丕賳	
human,8,賲囟丕賲賷賳	
human,4,丕賱鬲賵噩賴賷賳	
human,4,賴丕匕賷賳	
human,4,乇賴丕賳	
human,2,賱賱賲鬲毓賱賲賷賳	
human,2,丕賱賲鬲毓賱賾賲賷賳	
human,1,丕賱賲噩乇賲賷賳	
human,6,賵丕賱鬲賰賵賷賳	
human,6,丕賱爻賰賭丕賳	
human,6,賱爻賰賭丕賳	
human,6,丕賱賲丨賱賷賷賳	
human,3,丕賱廿乇賴丕亘賷賷賳	
human,5,丕賱鬲賰賵賷賳	
human,5,丕賱賲鬲乇亘氐賷賳	
human,1,亘鬲亘賷丕賳	
human,2,鬲亘賷賷賳	
human,3,賵丕賱賲賴鬲賲賷賳	
human,3,丕賱賰賷丕賳	
human,5,賵賯賵丕賳賷賳	
human,5,毓丕丿賷賷賳	
human,5,亘賲賵丕胤賳賷賳	
human,5,賲乇鬲亘胤丕賳	
human,1,丕賱賲禺鬲氐賷賳	
human,1,丕賱賲爻鬲賵賷賷賳	
human,3,丕賱賱丕毓亘賷賳	
human,3,丕賱賲賳禺乇胤賷賷賳	
human,1,毓賷賳鬲賷賳	
human,4,賵丕賱丕鬲夭丕賳	
human,4,丕賱賳丕丨賷鬲賷賳	
human,9,丕賱丕禺乇賷賳	
human,9,亘賯賵丕賳賷賳	
human,9,丕賱丕賳爻丕賳	
human,9,丕賱丕毓賱丕賳	
human,9,丕賱丿賷賳	
human,9,丕賱賵噩丿丕賳	
human,3,丕賱賲鬲禺氐氐賷賳	
human,3,丕賱丿亘賱賵賲丕爻賷賷賳	
human,5,賲爻鬲賳丿賷賳	
human,5,廿亘丕賳	
human,5,賵丕賱廿爻賰丕賳	
human,5,賱丿賷賳	
human,5,賱賱賲賯賷丕爻賷賳	
human,1,賲鬲賳丕賵賱賷賳	
human,3,丿丕賮毓賷賳	
human,1,賱賱賲丨亘賵爻賷賳	
human,3,亘廿賲賰丕賳	
human,3,噩丕賳亘賷賳	
human,4,丕賱丿賵賱賷賷賳	
human,4,賲亘丨孬賷賳	
human,4,賵丕胤賲卅賳丕賳	
human,4,亘鬲孬賲賷賳	
human,4,賵爻賳亘賷賳	
human,4,丨丿賷賳	
human,3,賷氐丕乇毓丕賳	
human,3,亘丕賱夭賵噩賷賳	
human,1,丕賱爻賱胤鬲賷賳	
human,6,丕賱兀賲丕賳	
human,6,丕賱賲鬲囟乇乇賷賳	
human,6,丕賱賲鬲賲賷夭賷賳	
human,11,丕賱賯胤丕毓賷賳	
human,11,丕賱賲丨賰賲賷賳	
human,2,亘囟賲丕賳	
human,6,賱賱丿丕卅賳賷賳	
human,6,丕賱賲丕賱賰賷賳	
human,6,丕賱丿丕卅賳賷賳	
human,5,丕賱賲丕賳毓賷賳	
human,5,丕賱賱毓丕賳	
human,1,丕賱亘乇賱賲丕賳	
human,2,丕賱廿卅鬲賲丕賳	
human,2,賱鬲賱賯賷賳	
human,2,丕賱賮賱爻胤賷賳賷賳	
human,2,丌賱賷鬲賷賳	
human,3,丌賲賱賷賳	
human,4,丕賱毓賲賵賲賷賷賳	
human,6,賱爻賱胤丕賳	
human,6,丕賱賲鬲賯丕囟賷賳	
human,6,丕賱賲鬲禺丕氐賲賷賳	
human,3,賵鬲亘賷賳	
human,3,鬲賳賲賵賷賷賳	
human,3,亘亘乇賳丕賲噩賷賳	
human,3,丕賱廿匕毓丕賳	
human,10,賰廿賳爻丕賳	
human,4,賵丕賱毓丕賲賱賷賳	
human,4,丕賱毓賲乇丕賳	
human,4,亘丕賱毓賲乇丕賳	
human,1,賱賱賲賵丕胤賳賷賳	
human,4,丕賱賲鬲毓丕賯丿賷賳	
human,2,賮丕毓賱賷賳	
human,2,賵賲賲孬賱賷賳	
human,5,亘兀孬賲丕賳	
human,5,廿賷乇丕賳	
human,5,丕賱亘賱丿賷賳	
human,5,丨爻賷賳	
human,2,丕賱鬲賲賰賷賳	
human,5,兀賵丕賱丿賷賳	
human,5,爻賰丕賳	
human,5,廿賳爻丕賳	
human,7,賲賷丿丕賳	
human,2,丕賱賲賳鬲賮毓賷賳	
human,3,賵鬲賰賵賷賳	
human,3,丕賱賵丕賯毓鬲賷賳	
human,4,丕賱賲賴丕噩乇賷賳	
human,4,丕賱卮乇毓賷賷賳	
human,2,爻賳鬲賷賳	
human,2,賱賱亘胤賱丕賳	
human,3,賷亘丕卮乇丕賳	
human,3,丕賱賵丕賱丿賷賳	
human,6,丕賱胤乇賮丕賳	
human,6,丕賱廿賯鬲氐丕丿賷賷賳	
human,4,亘亘賷丕賳	
human,5,賵丕賳	
human,9,亘丕賳	
human,9,亘鬲兀賲賷賳	
human,9,賱噩丕賳亘賷賳	
human,5,亘丕賱氐丨賮賷賷賳	
human,5,丕賱氐丨賮賷賷賳	
human,5,亘丕賱賯賵丕賳賷賳	
human,4,丕賱丨乇賲丕賳	
human,5,賰賲卮鬲乇賰賷賳	
human,5,兀氐賱賷賷賳	
human,5,賰賮丕毓賱賷賳	
human,5,丕賱賲毓鬲亘乇賷賳	
human,5,亘丕賱賱賾賽毓丕賳	
human,4,賵丕賱丨乇賲丕賳	
human,3,賱賱賲鬲賯丕囟賷賳	
human,2,丕賱賲賯賷賲賷賳	
human,3,賵鬲亘賷丕賳	
human,3,丕賱亘胤賱丕賳	
human,1,賵賮賱爻胤賷賳	
human,3,亘賲賰丕賳	
human,2,丕賱賲鬲賲乇丿賷賳	
human,4,亘丕賱毓丿賵丕賳	
human,4,丕賱毓丿賵丕賳	
human,3,兀賲丕賳	
human,6,鬲卮賰賱丕賳	
human,6,丕賱賵爻賷賱鬲丕賳	
human,6,賮賴丕鬲丕賳	
human,6,丕賱賵爻賷賱鬲賷賳	
human,5,賵丕賱賲賰丕賳	
human,5,丕賱夭賲丕賳	
human,5,賱賱廿賳爻丕賳	
human,8,丕賱賲丿賳賷賷賳	
human,8,丕賱毓爻賰乇賷賷賳	
human,8,賲爻兀賱鬲賷賳	
human,8,丕賱爻丕賲賷賳	
human,8,賵丕賱賲賵馗賮賷賳	
human,8,賵丕賱毓爻賰乇賷賷賳	
human,8,丕賱爻賷丕爻賷賷賳	
human,2,丕賱賲賵丕夭賷賳	
human,7,賵丕賱鬲賯賳賷賳	
human,7,賰鬲賯賳賷賳	
human,8,賲爻鬲禺賱氐賷賳	
human,8,賲亘賷賳賷賳	
human,8,賵丕賱廿賳爻丕賳	
human,4,賵賵賴丕賳	
human,3,丕賷賮賷丕賳	
human,7,賵丕賱亘胤賱丕賳	
human,2,丕賱賲爻毓賮賷賳	
human,6,丕賱賲鬲賳丕賮爻賷賳	
human,6,丕賯鬲氐丕丿賷賷賳	
human,6,賲鬲毓丕賲賱賷賳	
human,5,賵賲賰丕賳	
human,5,夭賲丕賳	
human,7,丕賱賲賰賱賮賷賳	
human,3,丿乇噩鬲賷賳	
human,2,賱賱胤乇賮賷賳	
human,6,丕賱睾乇賮鬲賷賳	
human,6,丕賱亘乇賱賲丕賳賷鬲賷賳	
human,9,丕賱賲賯丕賵賱賷賳	
human,9,丕丨鬲囟丕賳	
human,9,賰賷丕賳	
human,8,賲爻賱賲賷賳	
human,8,丿賷賳	
human,8,丕賱賲爻賱賲賷賳	
human,3,賱鬲毓賷賷賳	
human,3,賲鬲賰丕賲賱丕賳	
human,3,賮賴賲丕丕賱鬲夭丕賲丕賳	
human,1,賰丌賱賷鬲賷賳	
human,4,賵丕賱亘賷丕賳	
human,4,賲乇丨賱鬲賷賳	
human,1,鬲孬賲賷賳	
human,1,丕賱賲賷夭丕賳	
human,1,鬲丿賵賷賳	
human,2,賱賱賲爻鬲賴丿賮賷賳	
human,5,賱賱賲禺丕胤亘賷賳	
human,1,賱賱毓賷丕賳	
human,9,丕賱賱匕賷賳	
human,9,丕賱賱丕噩卅賷賳	
human,9,賱丕噩卅賷賳	
human,9,亘賱丿丕賳	
human,3,丕賱丨丕賱賷賷賳	
human,9,丕賱丕胤賲卅賳丕賳	
human,9,賵賱賱毓丕賲賱賷賳	
human,5,丕賱亘賷卅鬲賷賳	
human,5,丕賱賱丕鬲賵夭丕賳	
human,5,丕乇鬲賴丕賳	
human,2,賳亘賷賳	
human,1,丕賱賲爻丐賵賱賷賳	
human,3,賵丕賱賯賵丕賳賷賳	
human,5,賱賱兀乇卮賷賮賷賷賳	
human,5,丕賱賲爻賭賭賭丕噩賷賳	
human,5,丕賱賲賭乇鬲賰亘賷賳	
human,5,毓賳賭賭賵丕賳	
human,4,賵丕賱毓卮乇賷賳	
human,4,丕賱賲賰鬲亘賷賷賳	
human,10,兀匕賴丕賳	
human,10,賵賲賳鬲噩賷賳	
human,10,賲丐卮乇賷賳	
human,10,賯賵爻賷賳	
human,1,丕賱賲賰賮賵賮賷賳	
human,5,丕賱賲鬲毓賱賲賷賳	
human,5,賱賱賲賴丕噩乇賷賳	
human,5,賵爻賱賷賲丕賳	
human,5,賵丕賱胤睾賷丕賳	
human,5,賵賲囟丕賲賷賳	
human,3,丕賱丨賳賷賳	
human,3,賲丿賷賳	
human,4,噩亘乇丕賳	
human,4,胤乇賮賷賳	
human,4,賲胤賱亘賷賳	
human,4,賱賵爻賷丕賳	
human,4,丕賱毓賷賳	
human,2,丕賱丿丕乇爻賷賳	
human,3,丨賷丕賳	
human,5,丕賱丿賾丕乇爻賷賳	
human,2,賵胤睾賷丕賳	
human,2,廿毓賱丕賳	
human,2,亘丕賱亘乇賴丕賳	
human,5,丕賱兀賳丿賱爻賷賷賳	
human,5,賵丨賳賷賳	
human,1,賵丕賱賷賯賷賳	
human,4,亘賳賷丕賳	
human,7,鬲乇噩賲丕賳	
human,7,丕賱丕鬲噩丕賴丕賳	
human,7,丕賱丨丕賱鬲賷賳	
human,7,丿賷賵丕賳	
human,10,賵賲鬲丿丕禺賱鬲賷賳	
human,10,賲鬲賲丕賷夭鬲賷賳	
human,3,丕賱毓丕賱賲賷賳	
human,10,丕賱賲鬲賱賯賾賷賳	
human,1,丕賱噩丕賳亘賷賳	
human,3,爻賱胤丕賳	
human,3,丕賱亘賷丕賳	
human,3,丕賱胤睾賷丕賳	
human,2,賱賱賲賯鬲乇囟賷賳	
human,2,丕賱廿爻賰丕賳	
human,7,亘鬲囟賲賷賳	
human,3,兀爻丕爻賷賷賳	
human,3,賲賵乇丿賷賳	
human,4,鬲鬲亘丕賷賳	
human,4,丕賱賲賳賴噩賷賳	
human,4,賲丕亘賷賳	
human,3,毓賲丕賳	
human,2,丕爻鬲亘丕賳	
human,3,亘丕賱賳賲賵匕噩賷賳	
human,3,丕賱爻賷丕爻鬲賷賳	
human,3,丕賱鬲亘賷丕賳	
human,1,丕賱賷賵賳丕賳	
human,8,賱賱賲賵馗賮賷賳	
human,8,亘鬲丨爻賷賳	
human,5,丕賱賱噩丕賳	
human,5,賱噩丕賳	
human,8,賰賰賷丕賳	
human,8,賵丕賱賮夭丕賳	
human,7,丕賱爻賵丿丕賳賷賷賳	
human,7,丕賱毓氐乇賷賳	
human,7,爻賵丿丕賳	
human,8,丕賱賯乇賳賷賳	
human,8,賲賷丕丿賷賳	
human,4,丕賱賮乇賳爻賷賷賳	
human,4,丕賱賯丕丿賲賷賳	
human,4,丕賱爻賳賵爻賷賷賳	
human,1,丕賱毓丕夭賮賷賳	
human,5,亘乇賱賷賳	
human,5,賷鬲亘賷賳	
human,2,賱賱亘乇賷胤丕賳賷賷賳	
human,7,賰鬲丨爻賷賳	
human,7,丕賱賳賷噩賷乇賷賷賳	
human,7,丕賱賲賷賰丕賳賷賰賷賷賳	
human,9,亘乇賷胤丕賳賷賷賳	
human,9,丕賱賲亘卮乇賷賳	
human,9,賱賱賲亘卮乇賷賳	
human,9,丕賱賲爻鬲毓賲乇賷賳	
human,9,賵噩賴丕賳	
human,4,丕賱丕爻鬲毓賲丕乇賷鬲賷賳	
human,4,丕賱丕賲亘乇丕胤賵乇賷鬲賷賳	
human,4,丕賱兀賲乇賷賰賷鬲賷賳	
human,7,賱賱爻賵丿丕賳	
human,5,丕賱賮賱丕賳	
human,5,丕賱賲賰賵賳賷賳	
human,5,丕賱賲爻鬲毓乇亘賷賳	
human,7,賮爻鬲丕賳	
human,7,丕賱卮賷胤丕賳	
human,7,丕賱爻賱胤丕賳	
human,7,丕乇賰丕賳	
human,5,賵兀毓賷丕賳	
human,3,賱廿賱賳爻丕賳	
human,3,賵賲鬲賳賵毓丞廿賱賳爻丕賳	
human,3,丕廿賱賳爻丕賳	
human,1,賵丕賱鬲亘丕賷賳	
human,5,賷鬲丿賷賳	
human,5,賵丕賱丿賷賳	
human,6,兀丨囟丕賳	
human,1,賵丕賲賱爻賭賱賲賷賳	
human,6,賲賭賰丕賳	
human,6,丕兀賱丿賷賭丕賳	
human,6,乇卅賷爻賭賷賷賳	
human,6,賱爻賭亘亘賷賳	
human,2,丕廿賱賳爻賭丕賳	
human,2,兀賱賭賵丕賳	
human,4,丕賱賵丕丨賭丿賵丕賱毓卮賭乇賷賳	
human,4,賰賲賭丕丕賳	
human,4,賵丕賱毓賳賭賵丕賳	
human,4,毓賳賭賵丕賳	
human,3,丕賱卮賭賷胤丕賳	
human,3,丕賱乇丨賲賭丕賳	
human,3,賷氐亘賭丨丕廿賱賳爻賭丕賳	
human,9,丕賱丕爻鬲賷胤丕賳	
human,9,賵丕賱賯乇賵賷賷賳	
human,9,丕賱丨囟乇賷賷賳	
human,9,丕賱夭乇丕毓賷賷賳	
human,9,賱賱賲爻鬲賵胤賳賷賳	
human,3,丕賱賮丕胤賲賷賷賳	
human,12,丕賱賰賭賷丕賳	
human,12,鬲賵胤賷賳	
human,12,丕賱賮賱爻胤賷賳賷賷賳	
human,12,丕賱鬲賵胤賷賳	
human,12,兀乇亘毓賷賳	
human,12,賱鬲賵胤賷賳	
human,8,丕賱囟賮鬲賷賳	
human,4,賱賱賯賵丕賳賷賳	
human,5,丕賱賲乇丕亘胤賷賳	
human,5,丕賱賴賷賳	
human,5,丕賱賳爻賷丕賳	
human,5,賵丕賱賲丐乇禺賷賳	
human,5,賵鬲丿賵賷賳	
human,7,鬲夭賷賷賳	
human,7,丕賱兀賳爻丕賳	
human,8,賵賳爻賷丕賳	
human,8,丕賱毓孬賲丕賳賷賷賳	
human,8,丕賱賮丕鬲丨賷賳	
human,2,丕賱乇丨賲丕賳	
human,2,丕賱氐毓賷丿賷賳	
human,8,丕賱廿爻亘丕賳	
human,8,爻賳丕賳	
human,8,賱賱賲賵乇賷爻賰賷賷賳	
human,4,丕賱賮丕毓賱賷賳	
human,4,丕賱鬲丕乇賷禺賷鬲賷賳	
human,4,丕賱賵賱丕賷鬲賷賳	
human,8,丕賱賲丕賱賰賷賷賳	
human,8,丕賱賲賷賱丕丿賷賷賳	
human,4,亘丕賱夭賲丕賳	
human,4,丕賱賲丐乇禺賷賳	
human,4,丕賱亘丕乇夭賷賳	
human,4,賵丿賷賳	
human,9,賵丕賱賲爻賱賲賷賳	
human,9,賵兀賷賳	
human,9,丕賱賲噩丕賴丿賷賳	
human,9,賵丕賱鬲賲賰賷賳	
human,10,賵丕賱亘丕丨孬賷賳	
human,10,丕賱賮鬲乇鬲賷賳	
human,10,賱賱噩夭丕卅乇賷賷賳	
human,10,丕賱賳賲賵匕噩丕賳	
human,10,賵賴匕丕賳	
human,10,賲丨丿丿賷賳	
human,10,賳賲賵匕噩賷賳	
human,3,賵賴乇丕賳	
human,3,丕賱兀爻亘丕賳	
human,6,丕賱夭賷亘丕賳	
human,5,鬲丕乇賷禺賷鬲賷賳	
human,5,馗丕賴乇鬲賷賳	
human,10,亘鬲丿賵賷賳	
human,10,鬲胤賵丕賳	
human,10,丕賱丿賵賱鬲賷賳	
human,4,賱賱亘丕丨孬賷賳	
human,10,丕賱賲丿毓賷賳	
human,10,賵睾丕囟亘賷賳	
human,10,賲賳鬲賯丿賲賷賳	
human,10,丕賱廿賷賲丕賳	
human,10,賲賰鬲賮賷賳	
human,10,賱賱丿賷賳	
human,10,賵丕賱亘乇賴丕賳	
human,10,亘丕賱毓賷賳	
human,10,兀毓賷賳	
human,7,丕賱賲爻賷丨賷賷賳	
human,7,丕賱乇賴亘丕賳	
human,7,丕賱賲氐乇賷賷賳	
human,7,賲丨丕賵賱賷賳	
human,7,賱賱亘賱丿丕賳	
human,5,賵丕賱噩睾乇丕賮賷賷賳	
human,5,丕賱噩睾乇丕賮賷賷賳	
human,6,丕賱丕爻亘丕賳	
human,6,賱賵賴乇丕賳	
human,6,賱賱賲丐賾乇禺賷賳	
human,3,丕賱兀氐賱賷賷賳	
human,3,丕賱氐丨乇丕賵賷賷賳	
human,6,丿賮賷賳	
human,2,丕賱毓賳賵丕賳	
human,4,丕賱賳賾爻賷丕賳	
human,4,丕賱匕賾賷賳	
human,4,丕賱兀賱賵丕賳	
human,7,賵丕賱丨爻賷賳	
human,3,丕賱睾乇亘賷賷賳	
human,13,丕賱丿賾賷丕賳鬲賷賳	
human,13,賵丕賱賲爻賷丨賷賷賳	
human,13,賵丕賱賲購賳賴夭賲賷賳	
human,13,丕賱賲鬲囟乇賾乇賷賳	
human,13,賵丕賱賲卮乇賾丿賷賳	
human,16,賵丕賱賲賮賰乇賷賳	
human,16,丕賱兀丿賷丕賳	
human,7,賱賱賲爻賱賲賷賳	
human,7,丕賱賲賮爻乇賷賳	
human,3,賲賮賰乇賷賳	
human,6,丨丕賱鬲賷賳	
human,4,賱賱丿賾賷賳	
human,4,賷爻賷賾噩丕賳	
human,4,囟丕亘胤賷賳	
human,11,丕賱丨丿丕孬賷賷賳	
human,11,賲丨鬲丕乇賷賳	
human,11,丌禺乇賷賳	
human,11,丕賱賰孬賷乇賷賳	
human,2,丕賱賮乇爻丕賳	
human,9,亘廿丨爻丕賳	
human,9,兀噩賲毓賷賳	
human,4,丕賱賯丕賳賵賳賷賷賳	
human,6,賵丕賱丌禺乇賷賳	
human,6,丕賱兀賵賱賷賳	
human,17,丕賱鬲丕賱賷賷賳	
human,17,丕賱賲亘丨孬賷賳	
human,17,丕賱氐賵乇鬲賷賳	
human,17,氐賵乇鬲賷賳	
human,17,賰囟賲丕賳	
human,17,賱賱囟賲丕賳	
human,6,兀爻丕爻賷鬲丕賳	
human,6,丿毓丕賲鬲丕賳	
human,6,賷毓鬲亘乇丕賳	
human,6,賵丕賱賱匕丕賳	
human,3,丕賱賯丕賳賵賳賷賳	
human,3,亘丕賱廿賲賰丕賳	
human,1,毓丕賲賱賷賳	
human,4,丕賱毓丿丕賱丞貙賰丕賳	
human,1,兀賮睾丕賳爻鬲丕賳	
human,2,賵丕賱鬲丨爻賷賳	
human,6,賵丕賱賲鬲賲丿乇爻賷賳	
human,1,兀賱丕賳	
human,5,丕賱噩賳爻賷賳	
human,3,丕賱賲丿乇爻賷賳	
human,10,丕賱賲鬲賲丿乇爻賷賳	
human,10,丕賱賲毓乇囟賷賳	
human,10,丕賱兀賱賲丕賳賷賾丕賳	
human,10,丕賱賮賷賱爻賵賮丕賳	
human,10,丕賱卮乇胤賷賳	
human,5,賵丕賱廿賷賲丕賳	
human,5,賷乇爻禺丕賳	
human,9,丕賱賲賷夭丕賳賷賳	
human,9,賵賲賷夭丕賳	
human,9,賲賷夭丕賳	
human,3,丕賱丌禺乇賷賳	
human,2,丕賱兀乇賰丕賳	
human,4,賵丕賱賲鬲丨賰賲賷賳	
human,4,丕賱賲鬲賲賰賳賷賳	
human,3,丕賱賳丕噩賲賷賳	
human,3,賳賯賷囟賷賳	
human,5,賰丕賱爻賵丿丕賳	
human,8,丕賱兀賰丕丿賷賲賷賷賳	
human,3,丕賱毓賳丕賵賷賳	
human,11,賱賱夭賵噩賷賳	
human,11,亘丕賱賲賳卮睾賱賷賳	
human,2,賷鬲爻賲丕賳	
human,4,賮賷鬲丕賲賷賳	
human,4,丕賱鬲丨氐賷賳	
human,3,賵丕賱丕爻鬲亘賷丕賳	
human,3,兀爻丕爻賷鬲賷賳	
human,3,兀丿丕鬲賷賳	
human,6,賵丕賱賲爻鬲囟毓賮賷賳	
human,6,賵丕賱賲賯賴賵乇賷賳	
human,6,丕賱賲賳賮賷賷賳	
human,6,賵丕賱賲丨鬲丕噩賷賳	
human,6,丕賱賲馗賱賵賲賷賳	
human,1,鬲賯賵賲丕賳	
human,6,鬲賱賯賷賳	
human,5,丕賱賲爻鬲囟毓賮賷賳	
human,3,賵丕賱丿丕乇爻賷賳	
human,3,丕賱賲鬲丕亘毓賷賳	
human,2,賵賲爻鬲毓丿賷賳	
human,3,丌賱丕賳	
human,2,賲賰賲賱賷賳	
human,2,賰賮乇毓賷賳	
human,1,賱鬲亘賷賳	
human,2,丕賱亘賳賷丕賳	
human,2,賵丕賱兀夭賲丕賳	
human,3,丕賱賰鬲賲丕賳	
human,7,賱賯賵丕賳賷賳	
human,7,毓賲乇丕賳	
human,5,賱賱賵丕賱丿賷賳	
human,2,丕賱胤賵賮丕賳	
human,18,賳賷乇丕賳	
human,18,賯胤亘賷賳	
human,18,丕賱賲爻鬲毓亘丿賷賳	
human,18,賵丕賱毓丿賵丕賳	
human,18,賵丕賱丕胤賲卅賳丕賳	
human,18,丕賱賱丕賷賯賷賳	
human,18,賰賵賳賷鬲賷賳	
human,18,丨乇亘賷賳	
human,2,廿丿賲丕賳	
human,2,丕孬賳丕賳	
human,3,兀夭賲鬲賷賳	
human,6,賵毓卮乇賷賳	
human,6,丕賱賲噩丿丿賷賳	
human,7,亘丕丨孬賷賳	
human,7,賱賱丿丕乇爻賷賳	
human,3,賲毓賷賳賷賳	
human,3,賳賵毓丕賳	
human,2,丕賱丨賷賳	
human,3,丕賱囟乇賵乇賷賷賳	
human,1,丕賱賲鬲毓賱賯賷賳	
human,6,丕賱乇丕噩賱賷賳	
human,6,丕賱爻丕卅賯賷賳	
human,3,賵鬲賲賰賷賳	
human,2,賵丕賱兀毓賵丕賳	
human,9,賵丕賱賲氐賳毓賷賳	
human,9,賵丕賱賲賵乇丿賷賳	
human,9,賵丕賱賲賳鬲噩賷賳	
human,1,賵丕賱賲賴賳賷賷賳	
human,4,賱爻賰丕賳	
human,7,丕賱賲毓賷賳	
human,5,丕賱賵胤賳賷賷賳	
human,3,賲亘賷賳	
human,7,賵丕賱賲毓賳賷賷賳	
human,10,廿鬲賷丕賳	
human,5,胤乇賮丕賳	
human,5,賱賷亘乇賲丕賳	
human,5,丕賱賱鬲丕賳	
human,5,毓賳氐乇賷賳	
human,5,賲鬲毓丕乇囟賷賳	
human,5,丨賯賷賳	
human,5,賵賱賲丕賰丕賳	
human,8,丕鬲噩丕賴賷賳	
human,8,亘亘賷賳	
human,2,賵賱賵賰丕賳	
human,11,丕賱賲氐丿乇賷賳	
human,11,賲乇禺氐賷賳	
human,11,丨丕賲賱賷賳	
human,6,賲爻賱胤賷賳	
human,6,丕賱丌鬲賷鬲賷賳	
human,6,丕賱賴賷卅鬲賷賳	
human,10,亘丕賱賲賳丿賵亘賷賳	
human,10,亘丕賱賲賮丕賵囟賷賳	
human,10,丕賱賳氐賷賳	
human,5,賱賱兀毓賵丕賳	
human,5,賵丕賱匕賷賳	
human,5,賲丿禺乇賷賳	
human,5,賷爻鬲賴丕賳	
human,3,丕賱亘丨乇賷賳	
human,6,丕賱賲禺丕賱賮賷賳	
human,4,毓卮乇賷賳	
human,6,賲爻鬲賯賱賷賳	
human,6,賲丿乇噩賷賳	
human,4,乇卅賷爻賷賷賳	
human,4,賲丨賵乇賷賳	
human,2,丕賯鬲乇丕賳	
human,8,賲禺鬲賱賮賷賳	
human,8,賯囟丕卅賷賷賳	
human,8,賴賷賰賱賷賳	
human,11,噩賴丞貙賵亘賷賳	
human,5,鬲毓賷賳	
human,3,賮丕賱廿賳爻丕賳	
human,5,丕賱孬賱丕孬賷賳	
human,5,乇亘丕賳	
human,5,亘丕賱胤乇賮賷賳	
human,4,丕賱賲丨丿丿丕賳	
human,2,丕賱賵丕乇孬賷賳	
human,3,丕賱亘丕賱睾賷賳	
human,4,丕賱賲爻賷乇賷賳	
human,4,賵賲毓賷賳	
human,5,賵賲丨賰賵賲賷賳	
human,6,亘丕賱兀賲丕賳	
human,2,丕賱丿賷賵丕賳	
human,3,丕賱鬲毓丕賯丿賷賷賳	
human,3,丕賱兀爻賱賵亘賷賳	
human,5,丕賱毓賳丕賳	
human,5,爻乇毓丕賳	
human,15,丕賱夭賾賵噩賷賳	
human,15,賲禺鬲賱賮鬲賷賳	
human,15,噩賳爻賷鬲賷賳	
human,15,丕賱賳賾丕鬲噩賷賳	
human,15,賷賳鬲賲賷丕賳	
human,15,賵賷賯賷賲丕賳	
human,15,賷丨賲賱丕賳	
human,15,夭賵噩賷賳	
human,4,丕賱賲噩賷夭賷賳	
human,4,賮鬲亘賷賳	
human,7,丕賱賲丿賷賳	
human,3,丕賱兀賵丕賳	
human,3,賯乇賳賷賳	
human,5,丕賱胤亘賷毓賷賷賳	
human,4,賰丕賱賯賵丕賳賷賳	
human,10,噩亘賷賳	
human,10,丕賱賲賴乇亘賷賳	
human,10,丕賱賲爻丕賮乇賷賳	
human,10,賲賴丿丿賷賳	
human,10,丕賱亘賳夭賷賳	
human,7,賲毓乇噩賷賳	
human,7,丕賱賱睾賵賷賷賳	
human,7,丕賱賱爻丕賳	
human,9,丕賱賰賵賮賷賷賳	
human,9,鬲賯賳賷賳	
human,4,丌賷賳卮鬲丕賷賳	
human,4,賵鬲亘丕賷賳	
human,6,亘夭賲丕賳	
human,6,卮丕賳	
human,6,丕賷賳	
human,2,丕賱賲卮鬲睾賱賷賳	
human,16,丕賱賳賵毓賷賳	
human,16,賮兀賷賳	
human,16,毓夭丕賱丿賷賳	
human,3,丕賱賲丿乇爻鬲賷賳	
human,2,丕賱鬲毓賷賷賳	
human,2,丕賱兀賲乇賷賳	
human,2,丕賱噩賴鬲賷賳	
human,4,賵丕賱賱爻丕賳	
human,4,賵丕賱丕乇鬲賴丕賳	
human,5,賱賲賮爻乇賷賳	
human,5,亘賱丕睾賷賷賳	
human,5,賲毓噩賲賷賷賳	
human,2,賵丕賱孬賱丕孬賷賳	
human,5,囟乇賵乇賷丕賳	
human,5,賷胤賱亘丕賳	
human,2,亘賱爻丕賳	
human,7,丕賱賱爻丕賳賷賷賳	
human,7,賯賽乇丕賳	
human,4,鬲鬲毓丕賷賳	
human,4,賱賱爻丕賳	
human,5,亘丕賱賲賰丕賳	
human,7,兀賲賷乇賷賳	
human,7,爻賱賷賲丕賳	
human,7,丕賱賲鬲乇丕爻賱賷賳	
human,4,丕賱賲賱鬲亘爻賷賳	
human,7,丕賱賳賾賻丕賯丿賷賳	
human,7,賰賳賲賵匕噩賷賳	
human,7,丕賱賳丕賯丿賷賳	
human,7,丕賱賲禺鬲賾賻氐賷賳	
human,3,丕賱毓丕丿賷賷賳	
human,1,賷丕爻賷賳	
human,3,賵丕賱賲毓賱賲賷賳	
human,9,丕賱賲毓丕賯賷賳	
human,9,賵毓賷賳	
human,9,賵丿乇噩鬲丕賳	
human,9,賲爻鬲禺丿賲賷賳	
human,8,丕賱賯胤丕賳	
human,8,丕賱賲鬲賵丕噩丿賷賳	
human,3,賵丕賱鬲賾亘丕賷賳	
human,3,丕賱丨爻賷賳	
human,3,亘鬲夭賷賷賳	
human,3,丕賱亘賱丕睾賷賳	
human,5,亘丿賷賵丕賳	
human,3,賵賷亘賷賳	
human,3,丕賱賲亘賷賳	
human,7,賵丕賱賲鬲賮鬲丨賷賳	
human,7,丕賱賵丨丿賵賷賷賳	
human,7,丕賱賯乇丕賳	
human,3,丕賱爻鬲賷賳	
human,8,丕毓賱丕賳	
human,8,丕賱卮毓亘賷賳	
human,4,廿乇賵丕賳	
human,4,鬲賻噩賳賽賷賳	
human,4,丕賱賲鬲禺氐氐鬲賷賳	
human,4,賵賱鬲孬賲賷賳	
human,4,丕賱毓丕賲賷賳	
human,4,賮鬲賭乇鬲賷賳	
human,7,賵鬲賴丕賳	
human,10,賵爻亘毓賷賳	
human,10,賱爻丕賳	
human,10,賵賱鬲丿賵賷賳	
human,9,爻賳賷賳	
human,1,丕賱賲爻鬲丨賯賷賳	
human,3,賵賲禺鬲賱賮賷賳	
human,3,賲鬲丿丕禺賱賷賳	
human,3,賲賮賴賵賲賷賳	
human,5,丕賱兀氐賵賱賷賷賳	
human,5,賲賯鬲乇丨賷賳	
human,5,賵丕賱賯賷乇賵丕賳	
human,5,亘鬲賱賲爻丕賳	
human,7,丕賱廿鬲賷丕賳	
human,3,賴丕賲賷賳	
human,3,賲丿丕乇賷賳	
human,2,丕賱丿賾賷賳	
human,2,兀賲賷賳	
human,3,丕賱乇賷賮賷賷賳	
human,4,賷賳賵賷丕賳	
human,4,賰丕賱禺胤賷亘賷賳	
human,1,丕賱賯賷賲鬲賷賳	
human,4,丕賱賲氐胤賱丨賷賳	
human,4,賲氐胤賱丨丕賳	
human,7,賵賷爻鬲毓丕賳	
human,7,賮賷亘賷賳	
human,6,夭賲賳賷鬲賷賳	
human,6,賮鬲乇鬲賷賳	
human,6,乇賵丕賷鬲賷賳	
human,5,丕賱賲毓賳賷賷賳	
human,1,賲噩亘乇賷賳	
human,4,兀亘賷賳	
human,1,丕賱氐丕賱丨賷賳	
human,4,賵賵丕乇噩賱丕賳	
human,6,爻賮賷丕賳	
human,6,賵丕賱廿鬲賯丕賳	
human,11,丕賱賲匕賴亘賷賳	
human,4,兀丿亘賷丕賳	
human,6,丕賱鬲丿賵賷賳	
human,7,賲鬲乇丕亘胤丕賳	
human,7,兀爻丕爻賷丕賳	
human,7,毓賳氐乇丕賳	
human,7,毓賲賱賷鬲丕賳	
human,3,丕賱噩賳丕賳	
human,7,讴賮丐賷賷賳	
human,2,讴丕賳	
human,2,賱亘蹖丕賳	
human,4,賵賲亘丨孬賷賳	
human,5,賷賰賲賱丕賳	
human,9,乇賵亘賷賳	
human,2,毓丿賳丕賳	
human,12,丕賱賱賮馗賷賳	
human,12,賲鬲乇丕丿賮賷賳	
human,12,丕賱賲賮賴賵賲丕賳	
human,12,賲鬲賱丕夭賲賷賳	
human,12,賲賴賲賷賳	
human,12,丕賱毓丕卮賯賷賳	
human,12,丕賱賲毓丕氐乇賷賳	
human,12,丕賱毓乇賮丕賳	
human,7,賷賲孬賱丕賳	
human,7,噩夭兀賷賳	
human,7,賷賵噩賷賳	
human,5,噩丿乇丕賳	
human,8,丕賱乇賵丕卅賷賷賳	
human,8,賱鬲鬲亘丕賷賳	
human,8,夭賷丿丕賳	
human,8,丕賱兀賵賱賶丨賷賳	
human,8,賷賮鬲乇賯丕賳	
human,3,賵丕賱夭賲丕賳	
human,5,亘噩丕賳亘賷賳	
human,5,賵鬲鬲亘丕賷賳	
human,2,賳賰乇丕賳	
human,2,噩丕賴丿賷賳	
human,5,賲賱丕賷賷賳	
human,3,丕賱賲賰賭賭賭賭丕賳	
human,8,丕賱賰丕鬲亘賷賳	
human,8,丕賱乇賵丕賷鬲賷賳	
human,8,賱賯賲丕賳	
human,8,賮亘賷賳	
human,8,噩賳丕賳	
human,14,亘乇賵賰賱賲丕賳	
human,14,丕賱禺丕賱賯賷賳	
human,5,丕賱賵丕賯毓賷賳	
human,10,賲購亘賷賳	
human,10,丕賱毓賱賲賷賳	
human,3,賵丕賱賲乇丕賳	
human,4,丕賱爻賲丕賳	
human,4,噩丕賳	
human,4,丕賱賷賯賷賳	
human,4,賲乇噩毓賷賳	
human,4,丕賱兀賯丿賲賷賳	
human,10,亘賳賷鬲賷賳	
human,10,亘賽賳賷鬲丕賳	
human,10,丕賱賳丨賵賷賷賳	
human,3,賵毓賳賵丕賳	
human,3,丿丕卅賲賷賳	
human,2,賲毓丕賳	
human,3,賵丕賱賱爻丕賳賷賷賳	
human,7,丕賱賳丕胤賯賷賳	
human,7,賱賱賳丕胤賯賷賳	
human,1,亘丕賱賱賾爻丕賳	
human,3,賮氐賷賱鬲丕賳	
human,3,賵丕賱兀氐賵賱賷賷賳	
human,2,毓丕賱賲賷賳	
human,3,兀丨丕賷賷賳	
human,3,賵賱賱廿賳爻丕賳	
human,1,丕賱爻賲賷賳	
human,2,兀賵夭丕賳	
human,4,賵丕賱賲爻鬲賮賷丿賷賳	
human,4,賱鬲兀賲賷賳	
human,4,賱賱賲乇鬲賮賯賷賳	
human,4,賲鬲睾賷乇賷賳	
human,2,賱賱賲鬲毓丕賲賱賷賳	
human,4,賵賱賱賲賵丕胤賳賷賳	
human,2,賵丕賱氐丨賮賷賷賳	
human,3,丕賱爻賳賷賳	
human,3,丕賱賲氐賳賮鬲賷賳	
human,14,賲賳賮匕賷賳	
human,14,兀毓賵丕賳	
human,14,丕賱賲丐爻爻鬲賷賳	
human,14,兀爻丕爻賷賳	
human,14,亘毓丿賷賳	
human,3,丕賱賲賳丕賮爻賷賳	
human,3,丕賱禺丕乇噩賷賷賳	
human,3,丕賱賲丿賯賯賷賳	
human,4,氐賷賳賷賷賳	
human,4,賲噩賲賾毓賷賳	
human,3,兀賱鬲賲丕賳	
human,10,亘賲囟丕賲賷賳	
human,10,乇卅賷爻賷鬲賷賳	
human,10,賮乇囟賷鬲賷賳	
human,10,丕賱賲亘丨賵孬賷賳	
human,14,丕賱賲丿賷乇賷賳	
human,2,丕賱噩夭丕卅乇賷鬲賷賳	
human,4,丕賱賲乇丐賵爻賷賳	
human,6,丕賱廿爻鬲亘賷丕賳	
human,4,賱賲賰丕賳	
human,2,丕賱賲丿丕賵賲賷賳	
human,4,噩夭卅賷賷賳	
human,4,亘丕賱賲賵丕胤賳賷賳	
human,5,丕賱賲賲孬賱賷賳	
human,10,丕賱賲丕賱賷賷賳	
human,10,賵丕賱賲丿賯賯賷賳	
human,10,丕賱賲乇丕賯亘賷賳	
human,6,鬲賳賮賷匕賷賷賳	
human,6,賲丿賷乇賷賳	
human,6,賮乇毓賷賷賳	
human,3,賲賵夭毓賷賳	
human,9,乇丕囟賷賷賳	
human,4,賲亘乇夭賷賳	
human,4,賲乇賰夭賷賳	
human,4,賲爻鬲毓乇囟賷賳	
human,4,賱賱爻賷丕爻賷賷賳	
human,3,丕賱賲爻丕賴賲賷賳	
human,3,賵丕賱賲爻丕賴賲賷賳	
human,3,賵丕賱賲丿賷乇賷賳	
human,3,賷毓丕賷賳	
human,4,丕賱賲賲丕乇爻賷賳	
human,7,丕賱鬲丿禺賷賳	
human,6,賲丿乇亘賷賳	
human,6,丕賱丕毓亘賷賳	
human,5,賲氐丕乇毓賷賳	
human,23,丕賱毓賷賳鬲賷賳	
human,23,賰賵夭賱賷賳	
human,23,爻丕毓鬲賷賳	
human,2,丕賱賲丿丕賮毓賷賳	
human,9,賵賲鬲噩丕賳爻鬲賷賳	
human,9,賲鬲賰丕賮卅鬲賷賳	
human,9,丕賱賲鬲賰丕賮卅鬲賷賳	
human,9,丕賱賲噩賲賵毓鬲賷賳	
human,5,賱賱乇噩賱賷賳	
human,1,丕賱鬲賲丕乇賷賳	
human,6,丕賱丕鬲夭丕賳	
human,6,賵兀賵夭丕賳	
human,6,丕賱乇賳賷賳	
human,6,賲氐丕亘賷賳	
human,6,賱丕毓亘賷賳	
human,9,賲賳禺乇胤賷賳	
human,5,鬲噩乇賷亘賷鬲賷賳	
human,5,丕賱賳丕卮卅賷賳	
human,5,賵廿鬲賯丕賳	
human,5,鬲賲丕乇賷賳	
human,7,賱賱丕毓亘賷賳	
human,7,賲賵噩賴賷賳	
human,7,賲賯賷丕爻賷賳	
human,16,賲賯爻賲賷賳	
human,16,丕賱丕禺鬲亘丕乇賷賳	
human,5,丕賱賲丨鬲乇賮賷賳	
human,2,賱賱毓丕丿賷賷賳	
human,3,賲鬲賲丿乇爻賷賳	
human,3,丕賱乇丕卮丿賷賳	
human,5,賱賱噩丕賳	
human,10,賵乇賷丕囟賷賷賳	
human,10,賷鬲賮丕毓賱丕賳	
human,10,賮乇丿賷賳	
human,6,亘丕賱胤賵乇賷賳	
human,5,丕賱賯賷丕爻賷賳	
human,4,賵賲丿乇亘賷賳	
human,5,丕賱丕丨賷丕賳	
human,5,丕賱鬲賯賳賷賳	
human,9,賵丕賱賱丕毓亘賷賳	
human,2,賵丨丿鬲賷賳	
human,2,賵賲賷賱丕賳	
human,15,賲鬲亘毓賷賳	
human,2,亘賷賷賳	
human,5,丕賱賲鬲賮丕毓賱賷賳	
human,5,賱賲噩賲賵毓鬲賷賳	
human,7,丕賱鬲賵夭丕賳	
human,7,丕賱賯丕亘賱賷賳	
human,8,賵丕賱賲鬲毓賱賲賷賳	
human,8,賵賲鬲亘丕丿賱賷賳	
human,7,丕賱賲毓鬲賯丿賷賳	
human,5,丕賱兀賳鬲乇賵亘賵噩賷賷賳	
human,3,丕賱賱亘賳丕賳賷賷賳	
human,7,丕賱賵丕賮丿賷賳	
human,7,丕賱賲賳鬲賲賷賳	
human,7,賵賲爻鬲賯乇賷賳	
human,1,丕賱賳賵丕丨賷貙賮賰丕賳	
human,2,賲丿毓賲賷賳	
human,5,丕賱爻乇胤丕賳	
human,5,丕賱丿賾賻丕乇爻賽賷賳	
human,6,賲亘丕賳	
human,6,賵丕賱兀賱賵丕賳	
human,2,丕賱丿賱丕賱賷賷賳	
human,5,丕賱賱賾丕賲鬲賳丕爻亘賷賳	
human,6,丕賱賮乇賷賯賷賳	
human,6,丕賱胤乇丨賷賳	
human,6,丕賱丕鬲噩丕賴賷賳	
human,4,賵鬲乇亘賵賷賷賳	
human,4,賲丿乇爻賷賳貙賵賲賮鬲卮賷賳	
human,5,睾丕賮賱賷賳	
human,2,丿賱丕賱鬲賷賳	
human,1,丿丕賳	
human,5,丕賱賲睾丕乇亘賷賷賳	
human,9,賮乇爻丕賳	
human,9,丕賱鬲囟賲賷賳	
human,9,亘丕賱賱爻丕賳	
human,2,丕鬲賯丕賳	
human,4,賲賰賷賳	
human,2,賲毓賷賾賳丞賰丕賱丨乇賮賷賳	
human,4,廿賷賵丕賳	
human,3,賵丕賱賱賾睾賵賷賷賳	
human,3,賱鬲賲賰賷賳	
human,4,賵丕賱丌賰丕丿賷賲賷賷賳	
human,5,亘賷乇賱賲丕賳	
human,5,賲噩丕賱賷賳	
human,9,賵賲鬲丿丕禺賱賷賳	
human,9,兀氐賱賷賳	
human,9,賳丕亘毓賷賳	
human,9,鬲賷丕乇賷賳	
human,7,丕賱亘乇賴丕賳	
human,7,賵丕賱鬲亘賷賷賳	
human,7,丕賱卮賴賷乇鬲賷賳	
human,7,丕賱賲賯賵賱鬲賷賳	
human,2,賵丕賱鬲丕亘毓賷賳	
human,6,氐賵鬲賷賳	
human,6,賱亘賳丕賳	
human,6,賱賵賳噩賲丕賳	
human,6,賷賰賮賷丕賳	
human,5,亘丕賱毓賲賷丕賳	
human,5,賵鬲賵噩丿丕賳	
human,6,賵丕賱賲毓丕氐乇賷賳	
human,6,賱賱賲丨丿孬賷賳	
human,6,賵丕賱兀爻賱賵亘賷賾賷賳	
human,5,賱兀爻丕胤賷賳	
human,2,亘丕賱賲囟丕賲賷賳	
human,2,丕賱乇氐賷賳	
human,9,丕賱賲爻鬲賲毓賷賳	
human,5,丕賱賱賾爻丕賳	
human,5,丕賱亘賱丕睾賷賷賳	
human,6,賵丕賱賲丨丿孬賷賳	
human,4,丕賱賲賵丨丿賷賳	
human,3,丕賱賲賯丕鬲賱賷賳	
human,3,賱賱鬲賲賵賷賳	
human,3,丕賱噩亘賴鬲賷賳	
human,6,賵丕賱賲賵丨丿賷賳	
human,14,亘丕賱賲毓賲乇賷賳	
human,14,爻亘丕賯賷賳	
human,14,兀亘丕賳	
human,14,丕賱賲爻鬲賵胤賳賷賳	
human,14,賱賱賵胤賳賷賷賳	
human,14,賱賱賲丨鬲賱賷賳	
human,5,亘賷賳賴丕貙賮賰丕賳	
human,2,丕賱爻賱丕胤賷賳	
human,3,丕賱賲賵乇丿賷賳	
human,3,兀丨賷丕賳	
human,3,丿賵丕賵賷賳	
human,4,賲毓亘乇賷賳	
human,4,賲卮賻乇丨賷賳	
human,2,賲賯乇丕賳	
human,2,亘丕賱賳賷丕卮賷賳	
human,6,丕賱賯賷乇賵丕賳	
human,6,賱賱賳賵乇賲丕賳	
human,9,賴乇丕賳	
human,9,丕賱夭賷丕賳賷賷賳	
human,9,丕賱賴噩乇賷賷賳	
human,3,賰賲爻賱賲賷賳	
human,3,兀賳賲賵匕噩丕賳	
human,3,丕賱亘賳賷賳	
human,6,賱賱廿氐賱丕丨賷賷賳	
human,5,丕賱賵丿賷丕賳	
human,8,兀毓賷丕賳	
human,3,丕賱丕噩鬲賲丕毓賷賷賳	
human,3,賰賲丐乇禺賷賳	
human,3,丕賱賮賯賷賴賷賳	
human,4,賵毓購賲賻丕賳	
human,2,丕賱丨賷賵丕賳	
human,3,賱賱鬲丿賵賷賳	
human,6,丕賱賲睾乇亘賷賳	
human,5,亘丕賱賯賱賲賷賳	
human,5,亘丕賱賱賾爻丕賳賷賳	
human,5,丕賱兀賲賷賳	
human,5,賵丕賱鬲賲丿賷賳	
human,4,丕賱賮卅鬲賷賳	
human,4,丕賱丕賵乇賵亘賷賳	
human,7,鬲丕乇賰賷賳	
human,8,丕賱兀賮乇丕賳	
human,8,賵丕賱兀賴賵丕賳	
human,8,丕賱胤賵丕丨賷賳	
human,8,賵賲賵馗賮賷賳	
human,8,賵丕賱兀卮賵丕賳	
human,8,賱賱賲賽氐賿乇賻賷賷賳	
human,2,丕賱毓乇丕賯賷賷賳	
human,1,賱賳亘賷賳	
human,5,乇囟賵丕賳	
human,5,賵丕賱兀賵乇賵亘賷賷賳	
human,1,鬲卮乇賷賳	
human,8,丕賱賯乇亍丕賳	
human,9,丕賱丨囟丕乇鬲賷賳	
human,9,丕賱胤賱賷丕賳	
human,4,胤乇禺丕賳	
human,7,丕賱廿爻賱丕賲賷賷賳	
human,7,丕賱氐賱賷亘賷賷賳	
human,6,亘丕賰爻鬲丕賳	
human,6,丕賱亘賵賷賴賷賷賳	
human,6,賰丕賱爻丕賲丕賳賷賷賳	
human,6,賲賳丕賮爻賷賳	
human,2,丕賱孬賱孬賷賳	
human,2,丕賱丨乇賲賷賳	
human,4,賵毓賲乇丕賳	
human,4,賵丕賱賵氐賮賷賷賳	
human,4,賴丕賲鬲賷賳	
human,6,丕賱鬲賾賵賳爻賷賾賷賳	
human,3,丕賱丿賷丿丕賳	
human,3,丕賱丿賷丕丿賷賳	
human,1,賵丕賱毓氐賷丕賳	
human,5,賵丕賱賲乇丕亘胤賷賳	
human,4,丕賱賲毓賵夭賷賳	
human,10,爻賱丕胤賷賳	
human,1,丕賱賲夭賵乇賷賳	
human,8,丕賱廿禺賲賷賳賷賷賳	
human,8,兀賴乇賷賲丕賳	
human,8,廿賱賴賷賳	
human,8,賱廿賷乇丕賳	
human,8,丕賱廿賷乇丕賳賷賷賳	
human,3,丕賱賲丐賱賮賷賳	
human,2,賳鬲亘賷賳	
human,2,賵丕賱乇賵賲丕賳	
human,14,丕賱鬲賳馗賷賲丕賳	
human,14,丕賱賱匕丕賳	
human,14,丕賱賮丕乇賷賳	
human,14,丕賱兀賵乇賵亘賷賷賳	
human,14,賵丕賱夭賷丕賳賷賷賳	
human,14,賵丕賱丨賮氐賷賳	
human,14,賲乇賷賳	
human,3,賵賲鬲丨乇乇賷賳	
human,3,賵賲購卮亘毓賷賳	
human,3,丕賱賳毓賲丕賳	
human,7,賲鬲亘丕賷賳鬲賷賳	
human,7,亘賲乇丨賱鬲賷賳	
human,7,鬲丿賷賳	
human,7,禺乇丕爻丕賳	
human,2,廿賷賰噩丕賳	
human,1,賵鬲兀賲賷賳	
human,4,丕賱鬲賵賳爻賷賷賳	
human,2,胤亘賯鬲賷賳	
human,6,賱賱賯丕乇卅賷賳	
human,6,亘賵丕乇噩賱丕賳	
human,7,丕賱亘賷夭賳胤賷賷賳	
human,7,丕賱賲賱賰丕賳賷賷賳	
human,7,賱賱氐賱賷亘賷賷賳	
human,7,丕賱賱丕鬲賷賳	
human,1,賱賱賲鬲乇卮丨賷賳	
human,2,賱賱爻賱胤丕賳	
human,2,丕賱賲賵乇賷爻賰賷賷賳	
human,3,亘丕賱賲爻噩賵賳賷賳	
human,3,丕賱丕夭賲鬲賷賳	
human,2,丕賱亘乇丕賴賷賳	
human,6,丕賱丨囟丕乇賷賷賳	
human,6,丕賱賲氐賱丨賷賳	
human,6,丕賱乇噩賱丕賳	
human,6,丕賱賷賯馗丕賳	
human,1,賲爻鬲毓賲賱賷賳	
human,2,賵兀乇賰丕賳	
human,2,賵丕賱鬲乇亘賵賷賷賳	
human,2,丕賱兀禺氐丕卅賷賷賳	
human,9,賵賵賴乇丕賳	
human,9,賵丕賱賲爻賳賷賳	
human,2,丕賱亘丕丨孬鬲丕賳	
human,8,丕賱鬲毓賱賲貙丕爻鬲亘賷丕賳	
human,3,丕賱賲毓賵賯賷賳	
human,3,丕賱賲睾賵賯賷賳	
human,8,丕賱鬲乇亘賵賷賷賳	
human,8,賱賱賲乇卮丿賷賳	
human,8,丕賱賲乇卮丿賷賷賳	
human,8,丕賱賲乇卮丿賷賳	
human,5,賵兀毓賵丕賳	
human,12,丕賱賲賲乇囟賷賳	
human,12,賱賱賲賲乇囟賷賳	
human,12,賱賱賲乇囟賷賳	
human,12,賵廿爻鬲亘賷丕賳	
human,5,賲丕賳	
human,5,丕賱丨丕賲賱賷賳	
human,4,賲丐賴賱賷賳	
human,4,丕賱鬲賱賯賷賳	
human,3,亘丕賱鬲賰賵賷賳	
human,4,鬲丕亘毓賷賳	
human,4,乇卅賷爻賷賳	
human,3,禺賲爻賷賳	
human,3,丕賱賲賳丕賵卅賷賳	
human,4,賵兀爻賱賵亘賴貙賵鬲亘賷賳	
human,3,賵丕賱兀乇賰丕賳	
human,5,賯賵賱賷賳	
human,3,丕賱賲賮鬲賷賳	
human,6,賵噩睾乇丕賮賷賷賳	
human,6,賲丐乇禺賷賳	
human,6,賲亘丕卮乇賷賳	
human,2,丕賱亘購乇賴丕賳	
human,5,鬲毓鬲亘乇丕賳	
human,5,丕賱賱賾鬲丕賳	
human,1,丕賱賲丨丿賾賽孬賷賳	
human,4,丕賱賲鬲兀禺賾乇賷賳	
human,4,丕賱賲鬲賯丿賾賲賷賳	
human,4,丕賱爻賱賮賷賷賳	
human,4,賲鬲亘丕賷賳賷賳	
human,1,賲乇鬲賷賳	
human,2,亘丕賱賲賰賱賮賷賳	
human,2,賱賱毓丕賱賲賷賳	
human,7,賱賱賲爻鬲乇卮丿賷賳	
human,7,賱賱爻丕賱賰賷賳	
human,4,丕賱氐賷賳	
human,4,丕賱賵賴乇丕賳賷賷賳	
human,7,亘賵賲丿賷賳	
human,7,丕賱兀毓賷丕賳	
human,4,丕賱賳爻乇賷賳	
human,5,賵丕賱氐亘賷丕賳	
human,6,禺賱賰丕賳	
human,5,丕賱賲爻鬲卮乇賯賷賳	
human,5,賵丕賱廿毓賱丕賳	
human,1,丕賱爻賳丕賳	
human,3,丕賱賲馗丕賳	
human,5,賵丕賱丨丿賷孬賷賳	
human,5,丕賱丌賷鬲賷賳	
human,5,丕賱賲賳鬲爻亘賷賳	
human,4,丕賱賲賰孬乇賷賳	
human,4,賵丕賱賲噩賵丿賷賳	
human,4,丕賱賲丨賯賯賷賳	
human,5,毓賳丕賵賷賳	
human,7,丕賱賲鬲丌賲乇賷賳	
human,7,賵丕賱毓丕賲乇賷賷賳	
human,7,丕賱丕賳丿賱爻賷賷賳	
human,7,丕賱賲賵氐賵賮賷賳	
human,7,丕賱氐賳賳賴丕噩賷賳	
human,3,丿賵賵丕賷賳	
human,4,丕賱賲賮爻丿鬲賷賳	
human,4,賲賵丕夭賷賳	
human,3,丕賱賲鬲賯丿賲賷賳	
human,3,賯爻賲丕賳	
human,2,丕賱丨丕囟賳賷賳	
human,5,丕賱賾匕賷賳	
human,5,賵丕賱賲賮鬲賷賳	
human,3,毓孬賲丕賳	
human,3,賵爻鬲賷賳	
human,3,爻毓丿丕賳	
human,3,丕賱賯爻賲賷賳	
human,3,賲鬲毓賱賾賲賷賳	
human,1,賮氐賱賷賳	
human,2,賲鬲禺匕賷賳	
human,1,賱鬲丨賷賷賳	
human,5,丕賱賴噩賷賳	
human,1,賲乇賰賾夭賷賳	
human,8,賵丕爻鬲毓丕賳	
human,2,賵丕賱鬲囟賲賷賳	
human,11,賲賵亘丕爻丕賳	
human,11,丕賱賲賳馗乇賷賳	
human,2,丕賱賲乇亘賾賷賳	
human,3,丕賱廿丿乇丕賰賷賷賳	
human,3,丕賱賲丐賱賾賮賷賳	
human,1,丕賱氐賵賮賷賷賳	
human,2,丕賱兀賵夭丕賳	
human,4,丕賱賲乇丨賱鬲賷賳	
human,5,丕賱賲卮乇賯賷賳	
human,5,賲爻鬲兀賳爻賷賳	
human,5,賯丕氐丿賷賳	
human,2,丕賱兀賵賱賷賷賳	
human,7,賷賯賵賲丕賳	
human,4,乇賰賳賷賳	
human,6,賵賱賷賳	
human,6,賲馗丕賳	
human,3,鬲爻鬲毓賷賳	
human,3,噩賵賱賷丕賳	
human,4,鬲乇丕賰賲賷賷賳	
human,4,亘爻賰丕賰賷賳	
human,5,囟乇亘賷賳	
human,7,丕賱亘毓丿賷賳	
human,7,賱賴匕賷賳	
human,7,丕賱賵馗賷賮鬲賷賳	
human,4,賵丕賱毓賳賵丕賳	
human,4,丕賱賷丕爻賲賷賳	
human,2,兀賱賵丕賳	
human,5,丕賱賲亘鬲丿卅賷賳	
human,5,丕賱賲毓噩賲賷賷賳	
human,5,丕賱賲爻鬲毓賲賱賷賳	
human,9,賲鬲兀孬賾賽乇賷賳	
human,9,賵丕賱丿賾賻丕乇爻賷賳	
human,1,孬丕賳	
human,2,賱賲毓丕賳	
human,3,禺丕氐賷賳	
human,7,賲鬲胤賱毓賷賳	
human,7,兀丿乇丕賳	
human,5,賲賳鬲賯賷賳	
human,2,賱丕丨鬲囟丕賳	
human,3,鬲禺夭賷賳	
human,2,賵丕賱賲囟丕賲賷賳	
human,3,兀賰丕賳	
human,3,丕賱賮賳丕賳	
human,5,丨丕賵賷賷賳	
human,5,兀丿亘賷賷賳	
human,5,噩賳爻賷賳	
human,6,亘丕賱賳丕丨賷鬲賷賳	
human,3,丕賱卮乇賷丕賳	
human,2,丕賱氐賳丕毓鬲賷賳	
human,3,鬲丨賷賷賳	
human,9,丕賱爻丐丕賱賷賳	
human,9,亘丕禺鬲賷賳	
human,9,鬲夭賮胤丕賳	
human,9,亘丕乇夭賷賳	
human,9,賳賯丿賷賷賳	
human,9,禺胤賾賷賳	
human,5,賲賳賯爻賲賷賳	
human,5,丕賱孬賯丕賮鬲賷賳	
human,5,賷爻鬲毓賷賳	
human,5,爻丕毓賷賳	
human,2,丕賱丕賲鬲丨丕賳	
human,2,丕賱卮賯賷賳	
human,3,丕賱賲賵乇賮賵賮賵賳賵賱賵噩賷丞貙賲賵囟丨賷賳	
human,7,賵賲毓賻丿賷賳	
human,7,賵賲鬲丨賲爻賷賳	
human,7,賵乇丕囟賷賳	
human,7,賵賲丿乇賰賷賳	
human,7,賲毓賱賲賷賳	
human,7,賲鬲賷賳	
human,6,賵兀氐賵賱賷賷賳	
human,6,賵賲賮爻乇賷賳	
human,6,賱睾賵賷賷賳	
human,6,賲爻鬲賮賷丿賷賳	
human,2,賲乇噩毓賷鬲丕賳	
human,2,卮禺氐賷鬲丕賳	
human,7,賵賲毓賱賲賷賳	
human,7,賲爻丐賵賱賷賳	
human,4,丕賱丕賳	
human,1,噩爻鬲賳賷丕賳	
human,5,丕賱乇爻賾丕賲賷賳	
human,5,賵丕賱賲氐賲賾賲賷賳	
human,5,賰丕賱賲毓賱賾賲賷賳	
human,9,丕賱卮賮鬲賷賳	
human,9,丕賱爻毓乇丕賳	
human,9,丨爻丕賳	
human,6,丕賱鬲賲乇賷賳	
human,4,丕賱賲賯丕乇賳賷賳	
human,4,丕賱毓丕賱賲賷賷賳	
human,3,亘丕賱兀匕賴丕賳	
human,6,賵鬲禺夭賷賳	
human,3,賱鬲亘賷丕賳	
human,3,賵丕賱賲賮賰賾乇賷賳	
human,6,賱鬲亘賷賷賳	
human,6,賷毓丿丕賳	
human,3,丕賱爻賷賳	
human,4,亘廿鬲賯丕賳	
human,6,鬲賵賷賳	
human,7,亘丕賱噩丕賳亘賷賳	
human,6,丕賱賲禺賱氐賷賳	
human,3,丨夭賷賳	
human,5,丕賱鬲賯賱賷丿賷賷賳	
human,5,賵賵噩丿丕賳	
human,4,丕賱兀匕賴丕賳	
human,3,丕賱噩夭丕卅乇賷賳	
human,4,丕賱賲噩鬲賴丿賷賳	
human,4,賵丕賱賲賮爻乇賷賳	
human,11,丕賱夭賾賲丕賳	
human,11,廿賲毓丕賳	
human,4,丕賱賲鬲賷賳	
human,7,賱賱鬲賰賵賷賳	
human,5,乇丕爻賷賳	
human,5,乇賵賱丕賳	
human,9,賵囟丕亘胤鬲丕賳	
human,9,鬲噩乇賷亘賷鬲丕賳	
human,12,賲鬲賲賷夭賷賳	
human,12,賲賳賴噩賷賳	
human,12,丕賱賲匕賰賵乇賷賳	
human,3,丕賱賲爻鬲賲乇賷賳	
human,5,丕賱乇賴丕賳	
human,5,丕賱乇賾賴丕賳	
human,5,乇賽賴丕賳	
human,5,鬲賽賱賿賰購賲丕賱賲賷丕丿賷賳	
human,9,賮丕賱毓賳賵丕賳	
human,9,毓賱賲丕賳	
human,1,丕賱賲購賴鬲賲賷賳	
human,2,賲鬲禺氐氐賷賳	
human,2,賲鬲乇噩賲賷賳	
human,2,丕賱賯乇賵賷賷賳	
human,2,丕賱賲鬲賮賵賯賷賳	
human,3,亘乇賱賲丕賳	
human,3,丕賱賲賮賴賵賲賷賳	
human,3,賵丕賱賲鬲毓丕賲賱賷賳	
human,7,丕賱兀爻賱賵亘賷賷賳	
human,7,丕賱賲鬲賲孬賱鬲賷賳	
human,3,乇丕噩賷賳	
human,3,丕賱賯丕丿乇丕賳	
human,3,賷鬲賵丕賳	
human,5,賯亘賷賱鬲賷賳	
human,2,賲爻鬲毓賷賳賷賳	
human,8,丕賱賲禺鬲賱賮賷賳	
human,8,丕賱賵囟毓賷賳	
human,8,賵囟毓賷賳	
human,5,丕賱賲購禺賻丕胤賻亘賷賳	
human,5,丕賱賲鬲賰賱賲賷賳	
human,5,賲毓乇賮賷賷賳	
human,5,亘賲爻鬲賵賷賷賳	
human,4,賵丕賱賲乇爻賱賷賳	
human,5,賵丕賱賴賵丕賳	
human,3,丕賱鬲賱賵賷賳	
human,3,賱賱鬲賱賵賷賳	
human,7,丿丕毓賷賳	
human,2,賵丕賱爻賰丕賳	
human,2,丕賱賵賳丕賳	
human,2,丕賱賵賳賾丕賳	
human,9,亘丕賱丿賵丕賵賷賳	
human,1,賳爻賷丕賳	
human,4,亘胤賱賷賳	
human,4,亘乇賴丕賳	
human,3,丕賱賲丐乇賾禺賷賳	
human,3,賵丕賱兀賲賷賳	
human,8,賱丕賷爻鬲賴丕賳	
human,8,廿亘賾丕賳	
human,4,丕賱廿丨爻丕賳	
human,6,毓馗賷賲賷賳	
human,6,丕賱賲賵乇賷鬲丕賳賷賷賳	
human,7,賵丕賱賲爻鬲卮乇賯賷賳	
human,5,亘丕蹖乇丕賳	
human,5,丕賱賲讴賷賳	
human,7,丕賱乇囟賵丕賳	
human,7,丕賱乇賷丨丕賳	
human,8,亘賽丨賲丕賳	
human,3,賲毓賱賳賷賳	
human,8,賵丕賱丿賷賳賷賷賳	
human,8,賵丕賱爻賷丕爻賷賷賳	
human,5,賵丕賱氐賱亘賷賷賳	
human,4,賵鬲鬲氐賱丕賳	
human,4,鬲賳亘毓丕賳	
human,3,丕賱賮乇賯丕賳	
human,3,賲爻鬲賵賷賷賳	
human,6,丕賱賱爻丕賳賷賳	
human,6,賲爻丕乇賷賳	
human,2,丕賱鬲賴噩賷賳	
human,4,丕爻鬲毓丕賳	
human,5,賵丕賱丕噩鬲賲丕毓賷賷賳	
human,5,丕賱賳賮爻賷賷賳	
human,5,丕賱卮毓乇賷鬲賷賳	
human,6,丕賱賲賴賳鬲賷賳	
human,6,亘賴丕鬲賷賳	
human,5,噩賵賴乇賷賷賳	
human,5,丕賱丿丕卅賲賷賳	
human,1,亘鬲亘丕賷賳	
human,2,胤睾賷丕賳	
human,2,丕賲乇兀鬲丕賳	
human,3,賲毓亘賾乇賷賳	
human,3,丕賱鬲卮賷賰賷賷賳	
human,5,亘丕乇夭鬲丕賳	
human,5,馗丕賴乇鬲丕賳	
human,6,賵賱鬲丨爻賷賳	
human,3,賱賱毓亘丕爻賷賷賳	
human,4,毓賴丿賷賳	
human,9,亘丕賱廿賷賲丕賳	
human,3,鬲購亘賷賳	
human,4,睾賱賷夭丕賳	
human,2,亘丕賱爻賵丿丕賳	
human,7,亘丕賱賲鬲毓丕賯丿賷賳	
human,7,賲爻鬲睾賱賷賳	
human,7,丕賱卮丕丨賳賷賳	
human,4,噩賱爻鬲賷賳	
human,4,丕賲鬲丨丕賳	
human,4,丕賱賲賯亘賱賷賳	
human,4,賱賱賯丕卅賲賷賳	
human,3,爻賷亘乇賲丕賳	
human,12,丕賱賲卮丕乇賰賷賳	
human,12,賲丕賰孬賷賳	
human,12,丕賱賲丕賰孬賷賳	
human,12,鬲鬲賲孬賱丕賳	
human,12,賵丕賱兀丿丕鬲賷賳	
human,9,孬賲丕賳賷賳	
human,9,孬賲丕賳	
human,9,賵鬲爻毓賷賳	
human,5,丕賱賰賱丕爻賷賰賷賷賳	
human,6,丕賱賲鬲丨丿孬賷賳	
human,2,丕賱賲孬賯賮賷賳	
human,9,丕賱賲鬲胤丕賵賱賷賳	
human,1,賯胤亘丕賳	
human,4,賵丕賱賲爻鬲毓賲賱賷賳	
human,2,賯賷賱丕賳	
human,2,賵鬲乇噩賲丕賳	
human,7,丕賱賳馗丕賲丕賳	
human,7,賴匕丕賳	
human,7,賳馗丕賲賷賳	
human,4,賱賱賲鬲禺氐氐賷賳	
human,3,賰賱賲鬲丕賳	
human,4,丕賱賲鬲乇噩賲賷賳	
human,3,丕賱廿氐賱丕丨賷賷賳	
human,3,丕賱乇丨丕賱賷賳	
human,4,爻兀爻鬲毓賷賳	
human,4,丕賱賲賵爻賵毓賷賾賷賳	
human,4,丕賱賲丨馗賵馗賷賳	
human,6,丕賱賵丕毓賷賳	
human,6,丕賱睾賷賵乇賷賳	
human,2,賷卮賰賾賱丕賳	
human,4,賵丕賱亘賱丕睾賷賷賳	
human,6,丕賱夭賲賰丕賳	
human,3,賳爻賯賷賳	
human,3,丕賱賱賾睾賵賷賷賳	
human,6,丕賱乇兀賷賷賳	
human,7,賲鬲賯丕乇亘賷賳	
human,7,賲鬲賲丕孬賱賷賳	
human,7,丕賱賲鬲賲丕孬賱賷賳	
human,5,丕賱爻丕亘賯賷賳	
human,5,丕賱胤賵乇賷賳	
human,4,丨爻賾丕賳	
human,4,廿丨爻丕賳	
human,4,爻亘毓賷賳	
human,7,賵賲賮賰乇賷賳	
human,5,賲鬲賰丕賲賱賷賳	
human,7,鬲賭賱賯賷賳	
human,7,賲鬲毓丕囟丿賷賳	
human,4,丕賱賲禺丕胤亘賷賳	
human,2,鬲賱賵賷賳	
human,4,賱賷亘賷賳	
human,4,賵丕賱賲丨丿賾孬賷賳	
human,8,丕賱賲爻鬲賯賱賷賳	
human,8,丕賱毓賲賱賷賳	
human,8,賲賲賷夭賷賳	
human,8,亘毓賲賱賷賳	
human,8,丕賱賲禺囟乇賲賷賳	
human,17,丕賱丕賷丕賱鬲賷賳	
human,17,丕賱丿賮鬲乇丕賳	
human,17,丕賱賮乇毓賷賳	
human,17,丕賱賲賵噩賵丿丕賳	
human,17,丕賱爻噩賱丕賳	
human,2,丕賱爻丕丨鬲丕賳	
human,4,賵丕賱亘乇丕賴賷賳	
human,4,丕賱賰賮丕賷鬲賷賳	
human,4,丕賱乇鬲亘鬲賷賳	
human,4,賲賯丕乇亘鬲賷賳	
human,3,丕賱賲鬲賱賯賷賳	
human,3,丕賱兀乇亘毓賷賳	
human,2,賵賲毓丕賳	
human,3,兀爻丕胤賷賳	
human,4,賲丕賰丕賳	
human,9,賵爻賳丿丕賳	
human,9,賵亘丕賱丿丕乇爻賷賳	
human,4,丕賱賲亘丿毓賷賳	
human,5,賵丕賱鬲賾亘賷賷賳	
human,4,廿丿丕乇賷賷賳	
human,2,丕賱賲丿賷賷賳	
human,5,丕賱毓賳氐乇賷賳	
human,3,丕賱賲卮鬲乇賰賷賳	
human,5,丨丿賷孬鬲賷賳	
human,5,賰鬲賯賳賷鬲賷賳	
human,5,丕賱丌賱賷鬲賷賳	
human,7,賷卮賰賱丕賳	
human,7,丕賱賮囟丕亍丕賳	
human,3,亘丕賱亘胤賱丕賳	
human,5,丕賱賲賳賯匕賷賳	
human,11,丕賱賲乇卮丨賷賳	
human,11,丕賱賲鬲乇卮丨賷賳	
human,4,賵賷鬲亘賷賳	
human,8,賲氐賱丨鬲丕賳	
human,4,賱賱賲丿賷賳	
human,4,賱賱丌禺乇賷賳	
human,3,亘丕賱賲丨丕賲賷賳	
human,3,賱賱鬲毓賷賷賳	
human,3,亘鬲丨賷賷賳	
human,4,賲鬲囟丕賲賳賷賳	
human,4,丕賱廿賱賰鬲乇賵賳賷賷賳	
human,6,丕賱丕爻鬲孬賲丕乇賷賷賳	
human,3,丕賱賷賲賷賳	
human,8,丕賱爻賵乇賷賷賳	
human,8,賵廿賷乇丕賳	
human,8,賲毓爻賰乇賷賳	
human,5,賲賳鬲禺亘賷賳	
human,5,賲賵馗賮賷賳	
human,6,丕賱禺丕囟毓賷賳	
human,6,丌孬乇賷賳	
human,3,丕賱兀賵賰爻噩賷賳	
human,3,賵鬲夭賷賳	
human,3,丕賱噩丕賳丨賷賳	
human,3,賰丕賱亘丕賱睾賷賳	
human,5,賴丿賮賷賳	
human,8,丕賱毓賯丕乇賷賷賳	
human,8,丕賱賲乇賯賷賳	
human,7,賵丕賱賱噩丕賳	
human,7,賵賱噩丕賳	
human,7,亘丕賱賱噩丕賳	
human,8,丕賱乇卅賷爻賷賷賳	
human,8,丕賱賲賲賵賱賷賳	
human,7,賰賵乇賵賳丕貙賰丕賳	
human,4,鬲丐孬乇丕賳	
human,10,丕賱乇賷丕囟賷賷賳	
human,10,賱賱賲鬲賮乇噩賷賳	
human,7,丕賱兀賵乇賵亘賷賳	
human,7,賱賲乇鬲賷賳	
human,2,丕賱賯丕卅賱丕賳	
human,2,賯賵賱丕賳	
human,2,丕賱鬲賳賮賷匕賷賷賳	
human,2,丕賱賲乇爻賵賲賷賳	
human,2,丕賱賲丿禺乇賷賳	
human,1,賵賱囟賲丕賳	
human,7,丕賱廿賲賰丕賳	
human,7,賵兀賲丕賳	
human,4,丕賱賲丿丕乇賷賳	
human,2,丕賱兀禺賷乇丕賳	
human,2,賮賴匕丕賳	
human,3,丕賱賭匕賷賳	
human,4,賵丕賱兀毓賷丕賳	
human,7,賱賱賲賵丕胤賷賳	
human,4,丕賱噩賳賷賳	
human,4,賱賱噩賳賷賳	
human,15,丕賱賲丐賲賳賷賳	
human,15,丕賱鬲兀賲賭賭賭賷賳	
human,15,丕賱賲爻丕賴賲賭賭賭賷賳	
human,15,丕賱賲丐賲賳賭賭賭賷賳	
human,15,賲丐賲賳賭賭賭賷賳	
human,2,丕賱兀賰爻噩賷賳	
human,2,賵丕賱亘乇賵鬲賷賳	
human,1,亘賱亘賳丕賳	
human,7,丕賱賲毓賳賵賷賷賳	
human,5,賱賱兀乇賰丕賳	
human,5,卮賯賷賳	
human,4,賰賻丕賳	
human,6,賲鬲賳丕賯囟鬲賷賳	
human,6,乇睾亘鬲賷賳	
human,7,丕賱亘乇賱賲丕賳賷賷賳	
human,7,賱賱亘乇賱賲丕賳	
human,3,賲鬲賵丕夭賷丕賳	
human,3,賳賲胤丕賳	
human,6,丕賱賲爻乇丨賷賷賳	
human,6,丕賱賲賮賰賾乇賷賳	
human,11,丕賱賲噩乇亘賷賳	
human,11,丕賱丕孬賳丕賳	
human,3,丨賳丕賳	
human,3,廿賲賰丕賳	
human,5,賱賱賷賯賷賳	
human,4,賵丕賱賲丐賱賮賷賳	
human,5,賵賱亘賳丕賳	
human,5,丕賱賲賳胤賯鬲賷賳	
human,4,賱鬲丿賵賷賳	
human,1,丕賱丨噩賾丕乇賷賳	
human,8,賵睾賷賱賷夭丕賳	
human,8,賰乇賲丕賳	
human,13,賵賲丨賱賷賷賳	
human,13,賵廿賯賱賷賲賷賷賳	
human,13,丿賵賱賷賷賳	
human,13,賰丕賱胤賷乇丕賳	
human,10,丕賱胤賷乇丕賳	
human,8,賲丿賮賵毓賷賳	
human,8,丕賱賳賾賻卮胤賷賳	
human,1,賳丕毓鬲賷賳	
human,2,賵夭賲丕賳	
human,5,丕賱賳氐賾賷賳	
human,5,毓丕賳賷賳	
human,10,毓賱賲賷賳	
human,10,馗丕賴乇丕賳	
human,10,賵丕賱鬲丿賵賷賳	
human,2,丕賱毓乇亘賷賷賳	
human,2,賲丕毓賷賳	
human,7,丕賱賲爻賱噩賷賳	
human,7,丕賱賲乇丕噩毓賷賳	
human,7,賱賱賲爻鬲賮賷丿賷賳	
human,7,丕賱卮乇賰鬲賷賳	
human,7,賱賱卮乇賰鬲賷賳	
human,7,鬲爻丕賴賲丕賳	
human,7,賱賴丕鬲賷賳	
human,4,賱廿毓賱丕賳	
human,4,賵丕賱亘丨乇賷賳	
human,4,賵賱鬲亘賷賷賳	
human,7,丕賱毓卮乇賷鬲賷賳	
human,4,丕賱賴丿賮賷賳	
human,8,賵丕賱鬲賯賳賷賷賳	
human,9,兀噩賳亘賷鬲賷賳	
human,9,賳賮胤賷鬲賷賳	
human,9,賵賲丐爻爻鬲賷賳	
human,2,胤乇賷賯鬲賷賳	
human,3,賵賲丐卮乇賷賳	
human,2,丕賱丿丕禺賱賷賷賳	
human,4,丕賱兀賯乇丕賳	
human,5,賰賵亘乇鬲丕賳	
human,5,賱乇賷丕囟賷賷賳	
human,5,賵亘廿賲賰丕賳	
human,3,丕賱賲卮乇賮賷賳	
human,4,賵丕賱賭賲賽乇丕賳	
human,3,亘丿賷賳	
human,4,丕賱賲丨賰賲鬲賷賳	
human,5,卮賷卅賷賳	
human,10,丕賱兀夭賲丕賳	
human,10,噩亘丕賳	
human,10,丕賱賲賵丿毓賷賳	
human,8,丕賱賲氐賱丨鬲賷賳	
human,8,丕賱乇噩丨丕賳	
human,8,賵丕賱氐丨鬲賷賳	
human,8,丕賱爻賱丕賲鬲賷賳	
human,8,丕賱賲乇囟賷賳	
human,6,亘丕賱噩賳賷賳	
human,7,賵丕賱賲卮乇丿賷賳	
human,7,賵丕賱賲鬲禺賱賮賷賳	
human,7,賵丕賱賲噩丕賳賷賳	
human,2,賵丕賱乇賴丕賳	
human,2,丕賱賲毓丕乇囟賷賳	
human,9,亘丕賱丕胤賲卅賳丕賳	
human,9,丕賱丿丕乇賷賳	
human,7,丕賱賲夭賷賮賷賳	
human,4,亘賲賷丿丕賳	
human,4,賵丕賱賲賽乇丕賳	
human,4,賵丕賱乇賾賻賷丨丕賳	
human,4,賱廿賲賰丕賳	
human,2,乇賷丕賱賷賳	
human,3,賱賱賮賱賷賳	
human,3,毓卮乇賷鬲賷賳	
human,4,丕賱兀禺乇賷賳	
human,4,丕賱賲賴丕賳	
human,7,賲丿乇爻鬲賷賳	
human,13,賲賱鬲丨賲丕賳	
human,13,賲賵囟賵毓丕賳	
human,1,丕賱亘胤丕賱賷賳	
human,4,賵亘丕賱廿賲賰丕賳	
human,11,賵亘乇丕賴賷賳	
human,11,賵丕賱賲鬲氐賵賮賷賳	
human,11,丕賱賲鬲賵賴賾賲賷賳	
human,1,賵賲毓乇賮賷丕賳	
human,11,賷鬲賰丕賲賱丕賳	
human,5,賵丕爻鬲亘賷丕賳	
human,5,丕賱鬲禺氐氐賷賳	
human,4,丕賱賲賴噩乇賷賳	
human,18,丕賱賲毓鬲賲丿賷賳	
human,18,賱賱賲鬲睾賷乇賷賳	
human,18,丕賱鬲胤亘賷賯賷賳	
human,7,賵鬲丨賷賷賳	
human,7,賵丕孬賳賷賳	
human,7,賲丕卅鬲賷賳	
human,7,賱賱賲毓丕賯賷賳	
human,3,亘丕賱賲噩賲賵毓鬲賷賳	
human,8,賱賱賲噩賲賵毓鬲賷賳	
human,8,賲噩賲賵毓賭鬲賷賳	
human,2,爻亘賷乇賲丕賳	
human,4,丕賱丕鬲賯丕賳	
human,5,賵丕賱賲鬲兀禺乇賷賳	
human,4,賲爻噩賱賷賳	
human,4,丕賱賲賯賷丕爻賷賳	
human,9,賵丕賱賲丿乇爻賷賳	
human,9,賵丕賱賲鬲賲賷賾夭賷賳	
human,9,丕賱賲賵賴賵亘賷賳	
human,3,兀毓賭賭賵丕賳	
human,2,賲鬲乇亘氐賷賳	
human,10,賲鬲爻丕賵賷鬲賷賳	
human,4,噩賵賱賲丕賳	
human,7,賵丕賱囟毓賷賮賷賳	
human,7,賷賵賳噩賲丕賳	
human,9,丕賱賲賳賮匕賷賳	
human,2,丕賱毓丿賵丕賳賷賷賳	
human,6,賱賷賵賳噩賲丕賳	
human,4,賱賱賲毓賱賲賷賳	
human,3,亘賳賷賳	
human,3,賱賱賵孬賷賯鬲賷賳	
human,4,賲鬲賵爻胤鬲賷賳	
human,6,賲爻鬲賯賱鬲賷賳	
human,6,賱毓賷賳鬲賷賳	
human,5,賵丕賱賲鬲禺氐氐賷賳	
human,7,丕賱鬲爻丕丐賱賷賳	
human,7,賲賰賱賵賴丕賳	
human,4,丕賱賲賳氐乇賷賳	
human,8,賮丨賷賳	
human,9,丕賱賲噩賱爻賷賳	
human,9,丕賱賷丕亘丕賳	
human,3,兀賵丕賳	
human,4,賲丕賰賱賵賴丕賳	
human,5,賵丕賱賲噩乇賲賷賳	
human,4,丕賱賲賳丕爻亘賷賳	
human,1,鬲賷賯賳鬲賵乇賷賳	
human,1,丕賱賲鬲胤乇賮賷賳	
human,4,賲鬲兀孬乇賷賳	
human,4,賲賳爻丕賯賷賳	
human,4,賲賳賮毓賱賷賳	
human,4,賵丕賱賲鬲毓丕胤賮賷賳	
human,4,賰丕賱賲賳禺乇胤賷賳	
human,3,丕賱賮囟丕卅賷賳	
human,3,丕賱賲卮丕賴丿賷賳	
human,3,丕賱賲毓噩亘賷賳	
human,4,丿賵乇丕賳	
human,2,丕賱噩丿乇丕賳	
human,2,賱賵賷賳	
human,4,丕賱亘賷乇賷賳	
human,2,賳丕丨賷鬲賷賳	
human,3,賲噩鬲賲毓賷賳	
human,1,賷賯胤賷賳	
human,4,賵夭賷丿丕賳	
human,4,賵丕賱賴匕賷丕賳	
human,7,丕賱兀爻丕爻賷賳	
human,7,爻賷丐丿賷丕賳	
human,7,亘丕賱丿賷賳	
human,3,丕賱廿賮乇賷賯賷賷賳	
human,3,丕賱噩丕賴賱賷賳	
human,2,賲賲孬賱賷賳	
human,2,賵兀丿賷丕賳	
human,6,賵賰賷丕賳	
human,4,賵丌禺乇賷賳	
human,6,丕賱毓氐賷丕賳	
human,9,賵丕賱賲賳賰賽乇賷賳	
human,9,丕賱賲孬亘賽鬲賷賳	
human,9,賵丕賱購賲丨丿賻孬賷賳	
human,9,爻賳亘賷賳	
human,3,賵丕毓賷賷賳	
human,3,亘丕賱爻丐丕賱賷賳	
human,3,賲爻賷賾賽噩賷賳	
human,5,賱毓孬賲丕賳	
human,5,賮丕賱賲賰丕賳	
human,4,丕賱賯氐賾丕氐賷賳	
human,4,賵丕賱賲卮鬲睾賱賷賳	
human,3,賵丕賱賲乇賷丿賷賳	
human,3,丕賱賲賮爻賾乇賷賳	
human,6,賲賷丿丕賳賷賳	
human,2,賴噩賷賳	
human,5,毓氐賷丕賳	
human,5,賲胤丕乇丿賷賳	
human,3,賱爻賱胤鬲賷賳	
human,5,賯夭賲丕賳	
human,5,丕賱夭噩丕賱賷賳	
human,3,丕賱禺賱丕賳	
human,5,賱賵鬲賲丕賳	
human,5,賱毓夭丕賱丿賷賳	
human,1,賵丕賱丿賾丕乇爻賷賳	
human,6,丕賱賱鬲賷賳	
human,3,鬲丨氐賷賳	
human,3,賵賳亘賷賳	
human,1,丕賱賱賾鬲賷賳	
human,2,賵丕賱賵噩丿丕賳	
human,6,丕賱睾乇亘賷賾賻丕賳	
human,6,丕賱賱賾爻丕賳賷賾賻丕賳	
human,3,丕賱賱賾匕丕賳	
human,2,丕賱賲禺鬲氐賾賷賳	
human,2,丕亘鬲丿丕卅賷鬲賷賳	
human,1,賵丕賱廿賲賰丕賳	
human,10,丕賱賲丕丿賷賷賳	
human,3,丕賱鬲賾賴噩賷賳	
human,9,噩丿賷丿賷賳	
human,2,賷賯馗丕賳	
human,3,丕賱鬲賾賯賱賷丿賷賾賷賳	
human,3,丕賱丨賯賷賯賷賾賷賳	
human,3,丕賱丿賾賷賵丕賳	
human,2,賵孬賱丕孬賷賳	
human,10,丕賱丕丿丕乇賷賷賳	
human,4,賵丕賱賲賲乇囟賷賳	
human,2,禺丿賲鬲賷賳	
human,2,賴賷乇卮賲丕賳	
human,6,丕賱賳賲賵匕噩賷賳	
human,1,乇賴賷賳	
human,2,廿爻鬲亘賷丕賳	
human,2,亘丕賱賲賵馗賮賷賳	
human,2,賰亘毓丿賷賳	
human,3,丕賱賿賲賻毓賻丕賳	
human,3,丕賱噩賾購乇賿噩賻丕賳	
human,3,賲賻毓賻丕賳	
human,4,賷兀鬲賷丕賳	
human,4,賯丕賳賵賳賷賳	
human,4,丕賱賱賾賽爻賻丕賳	
human,4,亘賻賷賻丕賳	
human,5,丕賱丿賵丕賵賷賳	
human,5,丕賱丨賮氐賷賷賳	
human,4,丕賱賲賳丕囟賱賷賳	
human,1,亘丕賱胤賷賳	
human,6,丕賱噩睾乇丕賮賷賳	
human,6,賵丕賱爻賵丿丕賳	
human,4,丕賱賯乇丕亍鬲賷賳	
human,4,賵丕賱鬲夭賷賷賳	
human,5,卮賷亘丕賳	
human,4,夭賷丕賳	
human,5,丕賱賲噩賴夭賷賳	
human,3,丕賱賲丨賯賾賯賷賳	
human,9,賵丕賱廿丨爻丕賳	
human,3,丕賱丿賮賷賳	
human,5,丕賱廿賲丕賲賷賳	
human,5,賵鬲賱賲爻丕賳	
human,4,丕賱卮乇賷賮賷賳	
human,7,賲毓賳賷賷賳	
human,4,賵丨賷賳	
human,7,爻賱丕賱鬲賷賳	
human,3,賵賱爻丕賳	
human,3,賰丕賱毓賷賳	
human,1,丕賱噩夭丕卅乇貙兀賷賳	
human,4,丕賱亘毓賷丿賷賳	
human,4,兀賱兀丨賷丕賳	
human,2,丕賱賲賳丕賳	
human,7,賵鬲賲丕爻賷賳	
human,6,廿賷匕丕賳	
human,4,賵亘賱丿丕賳	
human,9,賮乇賷賯丕賳	
human,9,賱賱賲爻鬲卮乇賯賷賳	
human,2,丕賱丕噩鬲賲丕毓賷賳	
human,7,丕賱氐亘丕賳	
human,7,賷氐賱丨丕賳	
human,7,賷丿賱丕賳	
human,3,賵丕囟丨賷賳	
human,12,丕賱爻賷丕丨賷賳	
human,12,賵丕賱賲乇卮丿賷賳	
human,12,丕賱賲賱丕賷賵賷賷賳	
human,6,丕賱毓賯賱丕賳賷賷賳	
human,6,丕賱丿乇丕爻鬲賷賳	
human,6,賵丕賱廿禺亘丕乇賷賷賳	
human,6,毓賷丕賳	
human,3,丕爻鬲賴噩丕賳	
human,3,丕爻鬲賭丨爻丕賳	
human,8,丕賱丿賾賴丕賳	
human,8,賲鬲囟丕丿鬲賷賳	
human,8,孬賳丕卅賷鬲賷賳	
human,8,賵鬲賯賵賲丕賳	
human,8,鬲卮鬲乇賰丕賳	
human,8,胤亘毓鬲賷賳	
human,1,丕賱賲鬲氐賵賮賷賳	
human,2,兀賻丨賿賷賻丕賳	
human,5,賱賳鬲亘賷賳	
human,7,賵丕賱丨賷賵丕賳	
human,7,賲購賭賭爻賵賾賽賯賷賳	
human,7,賲鬲賳丕爻賷賳	
human,3,廿匕毓丕賳	
human,3,賵賱賱噩賷乇丕賳	
human,3,賵亘噩賷乇丕賳	
human,4,賵丕賱賲賵丕胤賳賷賳	
human,3,賵丕賱賴賷噩丕賳	
human,9,乇氐賷賳	
human,6,丕賱鬲禺夭賷賳	
human,6,丕賱丕丨鬲賯丕賳	
human,4,丕賱賲賯賵賲丕賳	
human,4,丕賱丕賱賰鬲乇賵賳賷賷賳	
human,2,賱賰賷丕賳	
human,2,賵賰囟賲丕賳	
human,3,丕賱賲丕丿鬲賷賳	
human,2,賯丕賳賵賳賷鬲賷賳	
human,2,賵馗賷賮鬲賷賳	
human,4,賵鬲囟賲賷賳	
human,4,賱賱賲鬲毓丕賯丿賷賳	
human,6,丕賱丿賵乇丕賳	
human,6,賲毓丕氐乇賷賳	
human,6,囟乇亘丕賳	
human,9,丕賱卮賴賷乇賷賳	
human,9,賵丕賱毓賱賲賷賳	
human,9,丕賱賮賷賱爻賵賮賷賳	
human,9,賵兀匕賴丕賳	
human,11,丕賱賲乇鬲丨賱賷賳	
human,11,毓賱賲賷鬲賷賳	
human,11,賲賳丕乇鬲賷賳	
human,5,賵鬲賲賵賷賳	
human,5,賱賱丨乇賮賷賷賳	
human,5,賵丕賱兀賵丕賳	
human,5,賵賲丨賵賾乇賷賳	
human,5,賲賵馗賾賮賷賳	
human,18,丕賱賲賮鬲卮賷賳	
human,18,丕賱丿丕禺賱賷賳	
human,6,賵鬲毓賷賷賳	
human,6,賷賳鬲噩丕賳	
human,6,賷睾賳賷丕賳	
human,9,丕賱賲乇亘賷賷賳	
human,9,賵賱丕毓亘賷賳	
human,9,賵兀禺氐丕卅賷賷賳	
human,5,丕賱兀亘賵賷賳	
human,4,亘賴匕賷賳	
human,10,丕賱賲鬲亘丕乇賷賳	
human,10,賱賱賮丕卅夭賷賳	
human,10,賵爻乇毓丕賳	
human,13,賱賱賲卮丕賴丿賷賳	
human,8,卮丕賴賯鬲賷賳	
human,8,賯賲鬲賷賳	
human,8,賷鬲乇亘毓丕賳	
human,4,丕賱賲丨鬲丕噩賷賳	
human,4,賱賱毓賷賳	
human,5,丕賱廿賽賳爻賻丕賳	
human,6,賵丌禺匕賷賳	
human,2,丕賳爻丕賳	
human,2,丕賱丕毓賷丕賳	
human,12,丕賱賰鬲丕亘丕賳	
human,12,賱賰鬲丕亘賷賳	
human,12,丕賱丕爻賱丕賲賷賷賳	
human,4,丕賱賲賳胤賯賷賷賳	
human,4,丕賱賵囟毓賷賷賳	
human,2,亘購毓丿賷賳	
human,5,賲鬲睾丕囟賷賳	
human,2,賵丨乇賲丕賳	
human,2,馗賱丕賲鬲賷賳	
human,3,毓購賳賵丕賳	
human,2,賵丕賱兀賮丕賳賷賳	
human,2,丕賱兀賮毓賵丕賳	
human,6,賵丕賱睾賷賱丕賳	
human,6,噩丕夭賲賷賳	
human,6,丕賱兀賱賲丕賳	
human,3,賵丕賱賲賳丕賮爻賷賳	
human,4,丕賱賲賳賵賲賷賳	
human,4,丕賱賲賯鬲乇囟賷賳	
human,2,毓購賲丕賳	
human,2,賱丕賱廿賳爻丕賳	
human,4,噩夭丕卅乇賷賷賳	
human,4,賲丐賱賮賷賳	
human,2,賮丕賱賮賳丕賳	
human,2,賱賷賲丕賳	
human,2,賲鬲毓丕賵賳賷賳	
human,2,賵丕賱鬲賾丿賵賷賳	
	
=== SUMMARY ===	
label,total_dual_words	
ai,427166	
human,150235	
